dataset,scheme,epsilon,attack_type,direction,malicious_ratio,lambda,true_triangle_count,avg_estimated_triangle_count,relative_signed_error,mre,finished,log_file
Gplus,CaliToLS,0.5,clean,none,0,0,,,,0.000000,1,results_laplace_all_attacks/Gplus_CaliToLS_eps0.5_clean.log
Gplus,CaliToLS,0.5,count,decrease,0.03,1,,,,0.000000,1,results_laplace_all_attacks/Gplus_CaliToLS_eps0.5_count_decrease_mr0.03_lambda1.log
Gplus,CaliToLS,0.5,count,decrease,0.05,1,,,,0.000000,1,results_laplace_all_attacks/Gplus_CaliToLS_eps0.5_count_decrease_mr0.05_lambda1.log
Gplus,CaliToLS,0.5,count,decrease,0.08,1,,,,0.000000,1,results_laplace_all_attacks/Gplus_CaliToLS_eps0.5_count_decrease_mr0.08_lambda1.log
Gplus,CaliToLS,0.5,count,decrease,0.10,1,,,,0.000000,1,results_laplace_all_attacks/Gplus_CaliToLS_eps0.5_count_decrease_mr0.10_lambda1.log
Gplus,CaliToLS,0.5,count,decrease,0.13,1,,,,0.000000,1,results_laplace_all_attacks/Gplus_CaliToLS_eps0.5_count_decrease_mr0.13_lambda1.log
Gplus,CaliToLS,0.5,count,decrease,0.15,1,,,,0.000000,1,results_laplace_all_attacks/Gplus_CaliToLS_eps0.5_count_decrease_mr0.15_lambda1.log
Gplus,CaliToLS,0.5,count,decrease,0.18,1,,,,0.000000,1,results_laplace_all_attacks/Gplus_CaliToLS_eps0.5_count_decrease_mr0.18_lambda1.log
Gplus,CaliToLS,0.5,count,decrease,0.20,1,,,,0.000000,1,results_laplace_all_attacks/Gplus_CaliToLS_eps0.5_count_decrease_mr0.20_lambda1.log
Gplus,CaliToLS,0.5,count,increase,0.03,1,,,,0.000000,1,results_laplace_all_attacks/Gplus_CaliToLS_eps0.5_count_increase_mr0.03_lambda1.log
Gplus,CaliToLS,0.5,count,increase,0.05,1,,,,0.000000,1,results_laplace_all_attacks/Gplus_CaliToLS_eps0.5_count_increase_mr0.05_lambda1.log
Gplus,CaliToLS,0.5,count,increase,0.08,1,,,,0.000000,1,results_laplace_all_attacks/Gplus_CaliToLS_eps0.5_count_increase_mr0.08_lambda1.log
Gplus,CaliToLS,0.5,count,increase,0.10,1,,,,0.000000,1,results_laplace_all_attacks/Gplus_CaliToLS_eps0.5_count_increase_mr0.10_lambda1.log
Gplus,CaliToLS,0.5,count,increase,0.13,1,,,,0.000000,1,results_laplace_all_attacks/Gplus_CaliToLS_eps0.5_count_increase_mr0.13_lambda1.log
Gplus,CaliToLS,0.5,count,increase,0.15,1,,,,0.000000,1,results_laplace_all_attacks/Gplus_CaliToLS_eps0.5_count_increase_mr0.15_lambda1.log
Gplus,CaliToLS,0.5,count,increase,0.18,1,,,,0.000000,1,results_laplace_all_attacks/Gplus_CaliToLS_eps0.5_count_increase_mr0.18_lambda1.log
Gplus,CaliToLS,0.5,count,increase,0.20,1,,,,0.000000,1,results_laplace_all_attacks/Gplus_CaliToLS_eps0.5_count_increase_mr0.20_lambda1.log
Gplus,CaliToLS,0.5,fixed,decrease,0.03,1,,,,0.000000,1,results_laplace_all_attacks/Gplus_CaliToLS_eps0.5_fixed_decrease_mr0.03_lambda1.log
Gplus,CaliToLS,0.5,fixed,decrease,0.05,1,,,,0.000000,1,results_laplace_all_attacks/Gplus_CaliToLS_eps0.5_fixed_decrease_mr0.05_lambda1.log
Gplus,CaliToLS,0.5,fixed,decrease,0.08,1,,,,0.000000,1,results_laplace_all_attacks/Gplus_CaliToLS_eps0.5_fixed_decrease_mr0.08_lambda1.log
Gplus,CaliToLS,0.5,fixed,decrease,0.10,1,,,,0.000000,1,results_laplace_all_attacks/Gplus_CaliToLS_eps0.5_fixed_decrease_mr0.10_lambda1.log
Gplus,CaliToLS,0.5,fixed,decrease,0.13,1,,,,0.000000,1,results_laplace_all_attacks/Gplus_CaliToLS_eps0.5_fixed_decrease_mr0.13_lambda1.log
Gplus,CaliToLS,0.5,fixed,decrease,0.15,1,,,,0.000000,1,results_laplace_all_attacks/Gplus_CaliToLS_eps0.5_fixed_decrease_mr0.15_lambda1.log
Gplus,CaliToLS,0.5,fixed,decrease,0.18,1,,,,0.000000,1,results_laplace_all_attacks/Gplus_CaliToLS_eps0.5_fixed_decrease_mr0.18_lambda1.log
Gplus,CaliToLS,0.5,fixed,decrease,0.20,1,,,,0.000000,1,results_laplace_all_attacks/Gplus_CaliToLS_eps0.5_fixed_decrease_mr0.20_lambda1.log
Gplus,CaliToLS,0.5,fixed,increase,0.03,1,,,,0.000000,1,results_laplace_all_attacks/Gplus_CaliToLS_eps0.5_fixed_increase_mr0.03_lambda1.log
Gplus,CaliToLS,0.5,fixed,increase,0.05,1,,,,0.000000,1,results_laplace_all_attacks/Gplus_CaliToLS_eps0.5_fixed_increase_mr0.05_lambda1.log
Gplus,CaliToLS,0.5,fixed,increase,0.08,1,,,,0.000000,1,results_laplace_all_attacks/Gplus_CaliToLS_eps0.5_fixed_increase_mr0.08_lambda1.log
Gplus,CaliToLS,0.5,fixed,increase,0.10,1,,,,0.000000,1,results_laplace_all_attacks/Gplus_CaliToLS_eps0.5_fixed_increase_mr0.10_lambda1.log
Gplus,CaliToLS,0.5,fixed,increase,0.13,1,,,,0.000000,1,results_laplace_all_attacks/Gplus_CaliToLS_eps0.5_fixed_increase_mr0.13_lambda1.log
Gplus,CaliToLS,0.5,fixed,increase,0.15,1,,,,0.000000,1,results_laplace_all_attacks/Gplus_CaliToLS_eps0.5_fixed_increase_mr0.15_lambda1.log
Gplus,CaliToLS,0.5,fixed,increase,0.18,1,,,,0.000000,1,results_laplace_all_attacks/Gplus_CaliToLS_eps0.5_fixed_increase_mr0.18_lambda1.log
Gplus,CaliToLS,0.5,fixed,increase,0.20,1,,,,0.000000,1,results_laplace_all_attacks/Gplus_CaliToLS_eps0.5_fixed_increase_mr0.20_lambda1.log
Gplus,CaliToLS,0.5,scale,decrease,0.03,1,,,,0.000000,1,results_laplace_all_attacks/Gplus_CaliToLS_eps0.5_scale_decrease_mr0.03_lambda1.log
Gplus,CaliToLS,0.5,scale,decrease,0.05,1,,,,0.000000,1,results_laplace_all_attacks/Gplus_CaliToLS_eps0.5_scale_decrease_mr0.05_lambda1.log
Gplus,CaliToLS,0.5,scale,decrease,0.08,1,,,,0.000000,1,results_laplace_all_attacks/Gplus_CaliToLS_eps0.5_scale_decrease_mr0.08_lambda1.log
Gplus,CaliToLS,0.5,scale,decrease,0.10,1,,,,0.000000,1,results_laplace_all_attacks/Gplus_CaliToLS_eps0.5_scale_decrease_mr0.10_lambda1.log
Gplus,CaliToLS,0.5,scale,decrease,0.13,1,,,,0.000000,1,results_laplace_all_attacks/Gplus_CaliToLS_eps0.5_scale_decrease_mr0.13_lambda1.log
Gplus,CaliToLS,0.5,scale,decrease,0.15,1,,,,0.000000,1,results_laplace_all_attacks/Gplus_CaliToLS_eps0.5_scale_decrease_mr0.15_lambda1.log
Gplus,CaliToLS,0.5,scale,decrease,0.18,1,,,,0.000000,1,results_laplace_all_attacks/Gplus_CaliToLS_eps0.5_scale_decrease_mr0.18_lambda1.log
Gplus,CaliToLS,0.5,scale,decrease,0.20,1,,,,0.000000,1,results_laplace_all_attacks/Gplus_CaliToLS_eps0.5_scale_decrease_mr0.20_lambda1.log
Gplus,CaliToLS,0.5,scale,increase,0.03,1,,,,0.000000,1,results_laplace_all_attacks/Gplus_CaliToLS_eps0.5_scale_increase_mr0.03_lambda1.log
Gplus,CaliToLS,0.5,scale,increase,0.05,1,,,,0.000000,1,results_laplace_all_attacks/Gplus_CaliToLS_eps0.5_scale_increase_mr0.05_lambda1.log
Gplus,CaliToLS,0.5,scale,increase,0.08,1,,,,0.000000,1,results_laplace_all_attacks/Gplus_CaliToLS_eps0.5_scale_increase_mr0.08_lambda1.log
Gplus,CaliToLS,0.5,scale,increase,0.10,1,,,,0.000000,1,results_laplace_all_attacks/Gplus_CaliToLS_eps0.5_scale_increase_mr0.10_lambda1.log
Gplus,CaliToLS,0.5,scale,increase,0.13,1,,,,0.000000,1,results_laplace_all_attacks/Gplus_CaliToLS_eps0.5_scale_increase_mr0.13_lambda1.log
Gplus,CaliToLS,0.5,scale,increase,0.15,1,,,,0.000000,1,results_laplace_all_attacks/Gplus_CaliToLS_eps0.5_scale_increase_mr0.15_lambda1.log
Gplus,CaliToLS,0.5,scale,increase,0.18,1,,,,0.000000,1,results_laplace_all_attacks/Gplus_CaliToLS_eps0.5_scale_increase_mr0.18_lambda1.log
Gplus,CaliToLS,0.5,scale,increase,0.20,1,,,,0.000000,1,results_laplace_all_attacks/Gplus_CaliToLS_eps0.5_scale_increase_mr0.20_lambda1.log
Gplus,CaliToLS,1,clean,none,0,0,,,,0.000000,1,results_laplace_all_attacks/Gplus_CaliToLS_eps1_clean.log
Gplus,CaliToLS,1,count,decrease,0.03,1,,,,0.000000,1,results_laplace_all_attacks/Gplus_CaliToLS_eps1_count_decrease_mr0.03_lambda1.log
Gplus,CaliToLS,1,count,decrease,0.05,1,,,,0.000000,1,results_laplace_all_attacks/Gplus_CaliToLS_eps1_count_decrease_mr0.05_lambda1.log
Gplus,CaliToLS,1,count,decrease,0.08,1,,,,0.000000,1,results_laplace_all_attacks/Gplus_CaliToLS_eps1_count_decrease_mr0.08_lambda1.log
Gplus,CaliToLS,1,count,decrease,0.10,1,,,,0.000000,1,results_laplace_all_attacks/Gplus_CaliToLS_eps1_count_decrease_mr0.10_lambda1.log
Gplus,CaliToLS,1,count,decrease,0.13,1,,,,0.000000,1,results_laplace_all_attacks/Gplus_CaliToLS_eps1_count_decrease_mr0.13_lambda1.log
Gplus,CaliToLS,1,count,decrease,0.15,1,,,,0.000000,1,results_laplace_all_attacks/Gplus_CaliToLS_eps1_count_decrease_mr0.15_lambda1.log
Gplus,CaliToLS,1,count,decrease,0.18,1,,,,0.000000,1,results_laplace_all_attacks/Gplus_CaliToLS_eps1_count_decrease_mr0.18_lambda1.log
Gplus,CaliToLS,1,count,decrease,0.20,1,,,,0.000000,1,results_laplace_all_attacks/Gplus_CaliToLS_eps1_count_decrease_mr0.20_lambda1.log
Gplus,CaliToLS,1,count,increase,0.03,1,,,,0.000000,1,results_laplace_all_attacks/Gplus_CaliToLS_eps1_count_increase_mr0.03_lambda1.log
Gplus,CaliToLS,1,count,increase,0.05,1,,,,0.000000,1,results_laplace_all_attacks/Gplus_CaliToLS_eps1_count_increase_mr0.05_lambda1.log
Gplus,CaliToLS,1,count,increase,0.08,1,,,,0.000000,1,results_laplace_all_attacks/Gplus_CaliToLS_eps1_count_increase_mr0.08_lambda1.log
Gplus,CaliToLS,1,count,increase,0.10,1,,,,0.000000,1,results_laplace_all_attacks/Gplus_CaliToLS_eps1_count_increase_mr0.10_lambda1.log
Gplus,CaliToLS,1,count,increase,0.13,1,,,,0.000000,1,results_laplace_all_attacks/Gplus_CaliToLS_eps1_count_increase_mr0.13_lambda1.log
Gplus,CaliToLS,1,count,increase,0.15,1,,,,0.000000,1,results_laplace_all_attacks/Gplus_CaliToLS_eps1_count_increase_mr0.15_lambda1.log
Gplus,CaliToLS,1,count,increase,0.18,1,,,,0.000000,1,results_laplace_all_attacks/Gplus_CaliToLS_eps1_count_increase_mr0.18_lambda1.log
Gplus,CaliToLS,1,count,increase,0.20,1,,,,0.000000,1,results_laplace_all_attacks/Gplus_CaliToLS_eps1_count_increase_mr0.20_lambda1.log
Gplus,CaliToLS,1,fixed,decrease,0.03,1,,,,0.000000,1,results_laplace_all_attacks/Gplus_CaliToLS_eps1_fixed_decrease_mr0.03_lambda1.log
Gplus,CaliToLS,1,fixed,decrease,0.05,1,,,,0.000000,1,results_laplace_all_attacks/Gplus_CaliToLS_eps1_fixed_decrease_mr0.05_lambda1.log
Gplus,CaliToLS,1,fixed,decrease,0.08,1,,,,0.000000,1,results_laplace_all_attacks/Gplus_CaliToLS_eps1_fixed_decrease_mr0.08_lambda1.log
Gplus,CaliToLS,1,fixed,decrease,0.10,1,,,,0.000000,1,results_laplace_all_attacks/Gplus_CaliToLS_eps1_fixed_decrease_mr0.10_lambda1.log
Gplus,CaliToLS,1,fixed,decrease,0.13,1,,,,0.000000,1,results_laplace_all_attacks/Gplus_CaliToLS_eps1_fixed_decrease_mr0.13_lambda1.log
Gplus,CaliToLS,1,fixed,decrease,0.15,1,,,,0.000000,1,results_laplace_all_attacks/Gplus_CaliToLS_eps1_fixed_decrease_mr0.15_lambda1.log
Gplus,CaliToLS,1,fixed,decrease,0.18,1,,,,0.000000,1,results_laplace_all_attacks/Gplus_CaliToLS_eps1_fixed_decrease_mr0.18_lambda1.log
Gplus,CaliToLS,1,fixed,decrease,0.20,1,,,,0.000000,1,results_laplace_all_attacks/Gplus_CaliToLS_eps1_fixed_decrease_mr0.20_lambda1.log
Gplus,CaliToLS,1,fixed,increase,0.03,1,,,,0.000000,1,results_laplace_all_attacks/Gplus_CaliToLS_eps1_fixed_increase_mr0.03_lambda1.log
Gplus,CaliToLS,1,fixed,increase,0.05,1,,,,0.000000,1,results_laplace_all_attacks/Gplus_CaliToLS_eps1_fixed_increase_mr0.05_lambda1.log
Gplus,CaliToLS,1,fixed,increase,0.08,1,,,,0.000000,1,results_laplace_all_attacks/Gplus_CaliToLS_eps1_fixed_increase_mr0.08_lambda1.log
Gplus,CaliToLS,1,fixed,increase,0.10,1,,,,0.000000,1,results_laplace_all_attacks/Gplus_CaliToLS_eps1_fixed_increase_mr0.10_lambda1.log
Gplus,CaliToLS,1,fixed,increase,0.13,1,,,,0.000000,1,results_laplace_all_attacks/Gplus_CaliToLS_eps1_fixed_increase_mr0.13_lambda1.log
Gplus,CaliToLS,1,fixed,increase,0.15,1,,,,0.000000,1,results_laplace_all_attacks/Gplus_CaliToLS_eps1_fixed_increase_mr0.15_lambda1.log
Gplus,CaliToLS,1,fixed,increase,0.18,1,,,,0.000000,1,results_laplace_all_attacks/Gplus_CaliToLS_eps1_fixed_increase_mr0.18_lambda1.log
Gplus,CaliToLS,1,fixed,increase,0.20,1,,,,0.000000,1,results_laplace_all_attacks/Gplus_CaliToLS_eps1_fixed_increase_mr0.20_lambda1.log
Gplus,CaliToLS,1,scale,decrease,0.03,1,,,,0.000000,1,results_laplace_all_attacks/Gplus_CaliToLS_eps1_scale_decrease_mr0.03_lambda1.log
Gplus,CaliToLS,1,scale,decrease,0.05,1,,,,0.000000,1,results_laplace_all_attacks/Gplus_CaliToLS_eps1_scale_decrease_mr0.05_lambda1.log
Gplus,CaliToLS,1,scale,decrease,0.08,1,,,,0.000000,1,results_laplace_all_attacks/Gplus_CaliToLS_eps1_scale_decrease_mr0.08_lambda1.log
Gplus,CaliToLS,1,scale,decrease,0.10,1,,,,0.000000,1,results_laplace_all_attacks/Gplus_CaliToLS_eps1_scale_decrease_mr0.10_lambda1.log
Gplus,CaliToLS,1,scale,decrease,0.13,1,,,,0.000000,1,results_laplace_all_attacks/Gplus_CaliToLS_eps1_scale_decrease_mr0.13_lambda1.log
Gplus,CaliToLS,1,scale,decrease,0.15,1,,,,0.000000,1,results_laplace_all_attacks/Gplus_CaliToLS_eps1_scale_decrease_mr0.15_lambda1.log
Gplus,CaliToLS,1,scale,decrease,0.18,1,,,,0.000000,1,results_laplace_all_attacks/Gplus_CaliToLS_eps1_scale_decrease_mr0.18_lambda1.log
Gplus,CaliToLS,1,scale,decrease,0.20,1,,,,0.000000,1,results_laplace_all_attacks/Gplus_CaliToLS_eps1_scale_decrease_mr0.20_lambda1.log
Gplus,CaliToLS,1,scale,increase,0.03,1,,,,0.000000,1,results_laplace_all_attacks/Gplus_CaliToLS_eps1_scale_increase_mr0.03_lambda1.log
Gplus,CaliToLS,1,scale,increase,0.05,1,,,,0.000000,1,results_laplace_all_attacks/Gplus_CaliToLS_eps1_scale_increase_mr0.05_lambda1.log
Gplus,CaliToLS,1,scale,increase,0.08,1,,,,0.000000,1,results_laplace_all_attacks/Gplus_CaliToLS_eps1_scale_increase_mr0.08_lambda1.log
Gplus,CaliToLS,1,scale,increase,0.10,1,,,,0.000000,1,results_laplace_all_attacks/Gplus_CaliToLS_eps1_scale_increase_mr0.10_lambda1.log
Gplus,CaliToLS,1,scale,increase,0.13,1,,,,0.000000,1,results_laplace_all_attacks/Gplus_CaliToLS_eps1_scale_increase_mr0.13_lambda1.log
Gplus,CaliToLS,1,scale,increase,0.15,1,,,,0.000000,1,results_laplace_all_attacks/Gplus_CaliToLS_eps1_scale_increase_mr0.15_lambda1.log
Gplus,CaliToLS,1,scale,increase,0.18,1,,,,0.000000,1,results_laplace_all_attacks/Gplus_CaliToLS_eps1_scale_increase_mr0.18_lambda1.log
Gplus,CaliToLS,1,scale,increase,0.20,1,,,,0.000000,1,results_laplace_all_attacks/Gplus_CaliToLS_eps1_scale_increase_mr0.20_lambda1.log
Gplus,CaliToLS,2,clean,none,0,0,,,,0.000000,1,results_laplace_all_attacks/Gplus_CaliToLS_eps2_clean.log
Gplus,CaliToLS,2,count,decrease,0.03,1,,,,0.000000,1,results_laplace_all_attacks/Gplus_CaliToLS_eps2_count_decrease_mr0.03_lambda1.log
Gplus,CaliToLS,2,count,decrease,0.05,1,,,,0.000000,1,results_laplace_all_attacks/Gplus_CaliToLS_eps2_count_decrease_mr0.05_lambda1.log
Gplus,CaliToLS,2,count,decrease,0.08,1,,,,0.000000,1,results_laplace_all_attacks/Gplus_CaliToLS_eps2_count_decrease_mr0.08_lambda1.log
Gplus,CaliToLS,2,count,decrease,0.10,1,,,,0.000000,1,results_laplace_all_attacks/Gplus_CaliToLS_eps2_count_decrease_mr0.10_lambda1.log
Gplus,CaliToLS,2,count,decrease,0.13,1,,,,0.000000,1,results_laplace_all_attacks/Gplus_CaliToLS_eps2_count_decrease_mr0.13_lambda1.log
Gplus,CaliToLS,2,count,decrease,0.15,1,,,,0.000000,1,results_laplace_all_attacks/Gplus_CaliToLS_eps2_count_decrease_mr0.15_lambda1.log
Gplus,CaliToLS,2,count,decrease,0.18,1,,,,0.000000,1,results_laplace_all_attacks/Gplus_CaliToLS_eps2_count_decrease_mr0.18_lambda1.log
Gplus,CaliToLS,2,count,decrease,0.20,1,,,,0.000000,1,results_laplace_all_attacks/Gplus_CaliToLS_eps2_count_decrease_mr0.20_lambda1.log
Gplus,CaliToLS,2,count,increase,0.03,1,,,,0.000000,1,results_laplace_all_attacks/Gplus_CaliToLS_eps2_count_increase_mr0.03_lambda1.log
Gplus,CaliToLS,2,count,increase,0.05,1,,,,0.000000,1,results_laplace_all_attacks/Gplus_CaliToLS_eps2_count_increase_mr0.05_lambda1.log
Gplus,CaliToLS,2,count,increase,0.08,1,,,,0.000000,1,results_laplace_all_attacks/Gplus_CaliToLS_eps2_count_increase_mr0.08_lambda1.log
Gplus,CaliToLS,2,count,increase,0.10,1,,,,0.000000,1,results_laplace_all_attacks/Gplus_CaliToLS_eps2_count_increase_mr0.10_lambda1.log
Gplus,CaliToLS,2,count,increase,0.13,1,,,,0.000000,1,results_laplace_all_attacks/Gplus_CaliToLS_eps2_count_increase_mr0.13_lambda1.log
Gplus,CaliToLS,2,count,increase,0.15,1,,,,0.000000,1,results_laplace_all_attacks/Gplus_CaliToLS_eps2_count_increase_mr0.15_lambda1.log
Gplus,CaliToLS,2,count,increase,0.18,1,,,,0.000000,1,results_laplace_all_attacks/Gplus_CaliToLS_eps2_count_increase_mr0.18_lambda1.log
Gplus,CaliToLS,2,count,increase,0.20,1,,,,0.000000,1,results_laplace_all_attacks/Gplus_CaliToLS_eps2_count_increase_mr0.20_lambda1.log
Gplus,CaliToLS,2,fixed,decrease,0.03,1,,,,0.000000,1,results_laplace_all_attacks/Gplus_CaliToLS_eps2_fixed_decrease_mr0.03_lambda1.log
Gplus,CaliToLS,2,fixed,decrease,0.05,1,,,,0.000000,1,results_laplace_all_attacks/Gplus_CaliToLS_eps2_fixed_decrease_mr0.05_lambda1.log
Gplus,CaliToLS,2,fixed,decrease,0.08,1,,,,0.000000,1,results_laplace_all_attacks/Gplus_CaliToLS_eps2_fixed_decrease_mr0.08_lambda1.log
Gplus,CaliToLS,2,fixed,decrease,0.10,1,,,,0.000000,1,results_laplace_all_attacks/Gplus_CaliToLS_eps2_fixed_decrease_mr0.10_lambda1.log
Gplus,CaliToLS,2,fixed,decrease,0.13,1,,,,0.000000,1,results_laplace_all_attacks/Gplus_CaliToLS_eps2_fixed_decrease_mr0.13_lambda1.log
Gplus,CaliToLS,2,fixed,decrease,0.15,1,,,,0.000000,1,results_laplace_all_attacks/Gplus_CaliToLS_eps2_fixed_decrease_mr0.15_lambda1.log
Gplus,CaliToLS,2,fixed,decrease,0.18,1,,,,0.000000,1,results_laplace_all_attacks/Gplus_CaliToLS_eps2_fixed_decrease_mr0.18_lambda1.log
Gplus,CaliToLS,2,fixed,decrease,0.20,1,,,,0.000000,1,results_laplace_all_attacks/Gplus_CaliToLS_eps2_fixed_decrease_mr0.20_lambda1.log
Gplus,CaliToLS,2,fixed,increase,0.03,1,,,,0.000000,1,results_laplace_all_attacks/Gplus_CaliToLS_eps2_fixed_increase_mr0.03_lambda1.log
Gplus,CaliToLS,2,fixed,increase,0.05,1,,,,0.000000,1,results_laplace_all_attacks/Gplus_CaliToLS_eps2_fixed_increase_mr0.05_lambda1.log
Gplus,CaliToLS,2,fixed,increase,0.08,1,,,,0.000000,1,results_laplace_all_attacks/Gplus_CaliToLS_eps2_fixed_increase_mr0.08_lambda1.log
Gplus,CaliToLS,2,fixed,increase,0.10,1,,,,0.000000,1,results_laplace_all_attacks/Gplus_CaliToLS_eps2_fixed_increase_mr0.10_lambda1.log
Gplus,CaliToLS,2,fixed,increase,0.13,1,,,,0.000000,1,results_laplace_all_attacks/Gplus_CaliToLS_eps2_fixed_increase_mr0.13_lambda1.log
Gplus,CaliToLS,2,fixed,increase,0.15,1,,,,0.000000,1,results_laplace_all_attacks/Gplus_CaliToLS_eps2_fixed_increase_mr0.15_lambda1.log
Gplus,CaliToLS,2,fixed,increase,0.18,1,,,,0.000000,1,results_laplace_all_attacks/Gplus_CaliToLS_eps2_fixed_increase_mr0.18_lambda1.log
Gplus,CaliToLS,2,fixed,increase,0.20,1,,,,0.000000,1,results_laplace_all_attacks/Gplus_CaliToLS_eps2_fixed_increase_mr0.20_lambda1.log
Gplus,CaliToLS,2,scale,decrease,0.03,1,,,,0.000000,1,results_laplace_all_attacks/Gplus_CaliToLS_eps2_scale_decrease_mr0.03_lambda1.log
Gplus,CaliToLS,2,scale,decrease,0.05,1,,,,0.000000,1,results_laplace_all_attacks/Gplus_CaliToLS_eps2_scale_decrease_mr0.05_lambda1.log
Gplus,CaliToLS,2,scale,decrease,0.08,1,,,,0.000000,1,results_laplace_all_attacks/Gplus_CaliToLS_eps2_scale_decrease_mr0.08_lambda1.log
Gplus,CaliToLS,2,scale,decrease,0.10,1,,,,0.000000,1,results_laplace_all_attacks/Gplus_CaliToLS_eps2_scale_decrease_mr0.10_lambda1.log
Gplus,CaliToLS,2,scale,decrease,0.13,1,,,,0.000000,1,results_laplace_all_attacks/Gplus_CaliToLS_eps2_scale_decrease_mr0.13_lambda1.log
Gplus,CaliToLS,2,scale,decrease,0.15,1,,,,0.000000,1,results_laplace_all_attacks/Gplus_CaliToLS_eps2_scale_decrease_mr0.15_lambda1.log
Gplus,CaliToLS,2,scale,decrease,0.18,1,,,,0.000000,1,results_laplace_all_attacks/Gplus_CaliToLS_eps2_scale_decrease_mr0.18_lambda1.log
Gplus,CaliToLS,2,scale,decrease,0.20,1,,,,0.000000,1,results_laplace_all_attacks/Gplus_CaliToLS_eps2_scale_decrease_mr0.20_lambda1.log
Gplus,CaliToLS,2,scale,increase,0.03,1,,,,0.000000,1,results_laplace_all_attacks/Gplus_CaliToLS_eps2_scale_increase_mr0.03_lambda1.log
Gplus,CaliToLS,2,scale,increase,0.05,1,,,,0.000000,1,results_laplace_all_attacks/Gplus_CaliToLS_eps2_scale_increase_mr0.05_lambda1.log
Gplus,CaliToLS,2,scale,increase,0.08,1,,,,0.000000,1,results_laplace_all_attacks/Gplus_CaliToLS_eps2_scale_increase_mr0.08_lambda1.log
Gplus,CaliToLS,2,scale,increase,0.10,1,,,,0.000000,1,results_laplace_all_attacks/Gplus_CaliToLS_eps2_scale_increase_mr0.10_lambda1.log
Gplus,CaliToLS,2,scale,increase,0.13,1,,,,0.000000,1,results_laplace_all_attacks/Gplus_CaliToLS_eps2_scale_increase_mr0.13_lambda1.log
Gplus,CaliToLS,2,scale,increase,0.15,1,,,,0.000000,1,results_laplace_all_attacks/Gplus_CaliToLS_eps2_scale_increase_mr0.15_lambda1.log
Gplus,CaliToLS,2,scale,increase,0.18,1,,,,0.000000,1,results_laplace_all_attacks/Gplus_CaliToLS_eps2_scale_increase_mr0.18_lambda1.log
Gplus,CaliToLS,2,scale,increase,0.20,1,,,,0.000000,1,results_laplace_all_attacks/Gplus_CaliToLS_eps2_scale_increase_mr0.20_lambda1.log
Gplus,CaliToTrunc,0.5,clean,none,0,0,,,,0.004022,1,results_laplace_all_attacks/Gplus_CaliToTrunc_eps0.5_clean.log
Gplus,CaliToTrunc,0.5,count,decrease,0.03,1,,,,0.033243,1,results_laplace_all_attacks/Gplus_CaliToTrunc_eps0.5_count_decrease_mr0.03_lambda1.log
Gplus,CaliToTrunc,0.5,count,decrease,0.05,1,,,,0.049970,1,results_laplace_all_attacks/Gplus_CaliToTrunc_eps0.5_count_decrease_mr0.05_lambda1.log
Gplus,CaliToTrunc,0.5,count,decrease,0.08,1,,,,0.078984,1,results_laplace_all_attacks/Gplus_CaliToTrunc_eps0.5_count_decrease_mr0.08_lambda1.log
Gplus,CaliToTrunc,0.5,count,decrease,0.10,1,,,,0.100848,1,results_laplace_all_attacks/Gplus_CaliToTrunc_eps0.5_count_decrease_mr0.10_lambda1.log
Gplus,CaliToTrunc,0.5,count,decrease,0.13,1,,,,0.126137,1,results_laplace_all_attacks/Gplus_CaliToTrunc_eps0.5_count_decrease_mr0.13_lambda1.log
Gplus,CaliToTrunc,0.5,count,decrease,0.15,1,,,,0.150132,1,results_laplace_all_attacks/Gplus_CaliToTrunc_eps0.5_count_decrease_mr0.15_lambda1.log
Gplus,CaliToTrunc,0.5,count,decrease,0.18,1,,,,0.178732,1,results_laplace_all_attacks/Gplus_CaliToTrunc_eps0.5_count_decrease_mr0.18_lambda1.log
Gplus,CaliToTrunc,0.5,count,decrease,0.20,1,,,,0.200367,1,results_laplace_all_attacks/Gplus_CaliToTrunc_eps0.5_count_decrease_mr0.20_lambda1.log
Gplus,CaliToTrunc,0.5,count,increase,0.03,1,,,,0.035656,1,results_laplace_all_attacks/Gplus_CaliToTrunc_eps0.5_count_increase_mr0.03_lambda1.log
Gplus,CaliToTrunc,0.5,count,increase,0.05,1,,,,0.052384,1,results_laplace_all_attacks/Gplus_CaliToTrunc_eps0.5_count_increase_mr0.05_lambda1.log
Gplus,CaliToTrunc,0.5,count,increase,0.08,1,,,,0.081398,1,results_laplace_all_attacks/Gplus_CaliToTrunc_eps0.5_count_increase_mr0.08_lambda1.log
Gplus,CaliToTrunc,0.5,count,increase,0.10,1,,,,0.103262,1,results_laplace_all_attacks/Gplus_CaliToTrunc_eps0.5_count_increase_mr0.10_lambda1.log
Gplus,CaliToTrunc,0.5,count,increase,0.13,1,,,,0.128551,1,results_laplace_all_attacks/Gplus_CaliToTrunc_eps0.5_count_increase_mr0.13_lambda1.log
Gplus,CaliToTrunc,0.5,count,increase,0.15,1,,,,0.152546,1,results_laplace_all_attacks/Gplus_CaliToTrunc_eps0.5_count_increase_mr0.15_lambda1.log
Gplus,CaliToTrunc,0.5,count,increase,0.18,1,,,,0.181146,1,results_laplace_all_attacks/Gplus_CaliToTrunc_eps0.5_count_increase_mr0.18_lambda1.log
Gplus,CaliToTrunc,0.5,count,increase,0.20,1,,,,0.202781,1,results_laplace_all_attacks/Gplus_CaliToTrunc_eps0.5_count_increase_mr0.20_lambda1.log
Gplus,CaliToTrunc,0.5,fixed,decrease,0.03,1,,,,0.004021,1,results_laplace_all_attacks/Gplus_CaliToTrunc_eps0.5_fixed_decrease_mr0.03_lambda1.log
Gplus,CaliToTrunc,0.5,fixed,decrease,0.05,1,,,,0.004034,1,results_laplace_all_attacks/Gplus_CaliToTrunc_eps0.5_fixed_decrease_mr0.05_lambda1.log
Gplus,CaliToTrunc,0.5,fixed,decrease,0.08,1,,,,0.004060,1,results_laplace_all_attacks/Gplus_CaliToTrunc_eps0.5_fixed_decrease_mr0.08_lambda1.log
Gplus,CaliToTrunc,0.5,fixed,decrease,0.10,1,,,,0.004087,1,results_laplace_all_attacks/Gplus_CaliToTrunc_eps0.5_fixed_decrease_mr0.10_lambda1.log
Gplus,CaliToTrunc,0.5,fixed,decrease,0.13,1,,,,0.004127,1,results_laplace_all_attacks/Gplus_CaliToTrunc_eps0.5_fixed_decrease_mr0.13_lambda1.log
Gplus,CaliToTrunc,0.5,fixed,decrease,0.15,1,,,,0.004163,1,results_laplace_all_attacks/Gplus_CaliToTrunc_eps0.5_fixed_decrease_mr0.15_lambda1.log
Gplus,CaliToTrunc,0.5,fixed,decrease,0.18,1,,,,0.004259,1,results_laplace_all_attacks/Gplus_CaliToTrunc_eps0.5_fixed_decrease_mr0.18_lambda1.log
Gplus,CaliToTrunc,0.5,fixed,decrease,0.20,1,,,,0.004326,1,results_laplace_all_attacks/Gplus_CaliToTrunc_eps0.5_fixed_decrease_mr0.20_lambda1.log
Gplus,CaliToTrunc,0.5,fixed,increase,0.03,1,,,,0.004050,1,results_laplace_all_attacks/Gplus_CaliToTrunc_eps0.5_fixed_increase_mr0.03_lambda1.log
Gplus,CaliToTrunc,0.5,fixed,increase,0.05,1,,,,0.004103,1,results_laplace_all_attacks/Gplus_CaliToTrunc_eps0.5_fixed_increase_mr0.05_lambda1.log
Gplus,CaliToTrunc,0.5,fixed,increase,0.08,1,,,,0.004221,1,results_laplace_all_attacks/Gplus_CaliToTrunc_eps0.5_fixed_increase_mr0.08_lambda1.log
Gplus,CaliToTrunc,0.5,fixed,increase,0.10,1,,,,0.004302,1,results_laplace_all_attacks/Gplus_CaliToTrunc_eps0.5_fixed_increase_mr0.10_lambda1.log
Gplus,CaliToTrunc,0.5,fixed,increase,0.13,1,,,,0.004423,1,results_laplace_all_attacks/Gplus_CaliToTrunc_eps0.5_fixed_increase_mr0.13_lambda1.log
Gplus,CaliToTrunc,0.5,fixed,increase,0.15,1,,,,0.004504,1,results_laplace_all_attacks/Gplus_CaliToTrunc_eps0.5_fixed_increase_mr0.15_lambda1.log
Gplus,CaliToTrunc,0.5,fixed,increase,0.18,1,,,,0.004646,1,results_laplace_all_attacks/Gplus_CaliToTrunc_eps0.5_fixed_increase_mr0.18_lambda1.log
Gplus,CaliToTrunc,0.5,fixed,increase,0.20,1,,,,0.004754,1,results_laplace_all_attacks/Gplus_CaliToTrunc_eps0.5_fixed_increase_mr0.20_lambda1.log
Gplus,CaliToTrunc,0.5,scale,decrease,0.03,1,,,,0.009073,1,results_laplace_all_attacks/Gplus_CaliToTrunc_eps0.5_scale_decrease_mr0.03_lambda1.log
Gplus,CaliToTrunc,0.5,scale,decrease,0.05,1,,,,0.015138,1,results_laplace_all_attacks/Gplus_CaliToTrunc_eps0.5_scale_decrease_mr0.05_lambda1.log
Gplus,CaliToTrunc,0.5,scale,decrease,0.08,1,,,,0.025027,1,results_laplace_all_attacks/Gplus_CaliToTrunc_eps0.5_scale_decrease_mr0.08_lambda1.log
Gplus,CaliToTrunc,0.5,scale,decrease,0.10,1,,,,0.031822,1,results_laplace_all_attacks/Gplus_CaliToTrunc_eps0.5_scale_decrease_mr0.10_lambda1.log
Gplus,CaliToTrunc,0.5,scale,decrease,0.13,1,,,,0.041420,1,results_laplace_all_attacks/Gplus_CaliToTrunc_eps0.5_scale_decrease_mr0.13_lambda1.log
Gplus,CaliToTrunc,0.5,scale,decrease,0.15,1,,,,0.048082,1,results_laplace_all_attacks/Gplus_CaliToTrunc_eps0.5_scale_decrease_mr0.15_lambda1.log
Gplus,CaliToTrunc,0.5,scale,decrease,0.18,1,,,,0.057850,1,results_laplace_all_attacks/Gplus_CaliToTrunc_eps0.5_scale_decrease_mr0.18_lambda1.log
Gplus,CaliToTrunc,0.5,scale,decrease,0.20,1,,,,0.064451,1,results_laplace_all_attacks/Gplus_CaliToTrunc_eps0.5_scale_decrease_mr0.20_lambda1.log
Gplus,CaliToTrunc,0.5,scale,increase,0.03,1,,,,0.011193,1,results_laplace_all_attacks/Gplus_CaliToTrunc_eps0.5_scale_increase_mr0.03_lambda1.log
Gplus,CaliToTrunc,0.5,scale,increase,0.05,1,,,,0.017552,1,results_laplace_all_attacks/Gplus_CaliToTrunc_eps0.5_scale_increase_mr0.05_lambda1.log
Gplus,CaliToTrunc,0.5,scale,increase,0.08,1,,,,0.027441,1,results_laplace_all_attacks/Gplus_CaliToTrunc_eps0.5_scale_increase_mr0.08_lambda1.log
Gplus,CaliToTrunc,0.5,scale,increase,0.10,1,,,,0.034236,1,results_laplace_all_attacks/Gplus_CaliToTrunc_eps0.5_scale_increase_mr0.10_lambda1.log
Gplus,CaliToTrunc,0.5,scale,increase,0.13,1,,,,0.043834,1,results_laplace_all_attacks/Gplus_CaliToTrunc_eps0.5_scale_increase_mr0.13_lambda1.log
Gplus,CaliToTrunc,0.5,scale,increase,0.15,1,,,,0.050496,1,results_laplace_all_attacks/Gplus_CaliToTrunc_eps0.5_scale_increase_mr0.15_lambda1.log
Gplus,CaliToTrunc,0.5,scale,increase,0.18,1,,,,0.060264,1,results_laplace_all_attacks/Gplus_CaliToTrunc_eps0.5_scale_increase_mr0.18_lambda1.log
Gplus,CaliToTrunc,0.5,scale,increase,0.20,1,,,,0.066865,1,results_laplace_all_attacks/Gplus_CaliToTrunc_eps0.5_scale_increase_mr0.20_lambda1.log
Gplus,CaliToTrunc,1,clean,none,0,0,,,,0.001925,1,results_laplace_all_attacks/Gplus_CaliToTrunc_eps1_clean.log
Gplus,CaliToTrunc,1,count,decrease,0.03,1,,,,0.034848,1,results_laplace_all_attacks/Gplus_CaliToTrunc_eps1_count_decrease_mr0.03_lambda1.log
Gplus,CaliToTrunc,1,count,decrease,0.05,1,,,,0.051159,1,results_laplace_all_attacks/Gplus_CaliToTrunc_eps1_count_decrease_mr0.05_lambda1.log
Gplus,CaliToTrunc,1,count,decrease,0.08,1,,,,0.079525,1,results_laplace_all_attacks/Gplus_CaliToTrunc_eps1_count_decrease_mr0.08_lambda1.log
Gplus,CaliToTrunc,1,count,decrease,0.10,1,,,,0.100925,1,results_laplace_all_attacks/Gplus_CaliToTrunc_eps1_count_decrease_mr0.10_lambda1.log
Gplus,CaliToTrunc,1,count,decrease,0.13,1,,,,0.125424,1,results_laplace_all_attacks/Gplus_CaliToTrunc_eps1_count_decrease_mr0.13_lambda1.log
Gplus,CaliToTrunc,1,count,decrease,0.15,1,,,,0.148798,1,results_laplace_all_attacks/Gplus_CaliToTrunc_eps1_count_decrease_mr0.15_lambda1.log
Gplus,CaliToTrunc,1,count,decrease,0.18,1,,,,0.176635,1,results_laplace_all_attacks/Gplus_CaliToTrunc_eps1_count_decrease_mr0.18_lambda1.log
Gplus,CaliToTrunc,1,count,decrease,0.20,1,,,,0.197855,1,results_laplace_all_attacks/Gplus_CaliToTrunc_eps1_count_decrease_mr0.20_lambda1.log
Gplus,CaliToTrunc,1,count,increase,0.03,1,,,,0.032468,1,results_laplace_all_attacks/Gplus_CaliToTrunc_eps1_count_increase_mr0.03_lambda1.log
Gplus,CaliToTrunc,1,count,increase,0.05,1,,,,0.048779,1,results_laplace_all_attacks/Gplus_CaliToTrunc_eps1_count_increase_mr0.05_lambda1.log
Gplus,CaliToTrunc,1,count,increase,0.08,1,,,,0.077145,1,results_laplace_all_attacks/Gplus_CaliToTrunc_eps1_count_increase_mr0.08_lambda1.log
Gplus,CaliToTrunc,1,count,increase,0.10,1,,,,0.098545,1,results_laplace_all_attacks/Gplus_CaliToTrunc_eps1_count_increase_mr0.10_lambda1.log
Gplus,CaliToTrunc,1,count,increase,0.13,1,,,,0.123044,1,results_laplace_all_attacks/Gplus_CaliToTrunc_eps1_count_increase_mr0.13_lambda1.log
Gplus,CaliToTrunc,1,count,increase,0.15,1,,,,0.146418,1,results_laplace_all_attacks/Gplus_CaliToTrunc_eps1_count_increase_mr0.15_lambda1.log
Gplus,CaliToTrunc,1,count,increase,0.18,1,,,,0.174255,1,results_laplace_all_attacks/Gplus_CaliToTrunc_eps1_count_increase_mr0.18_lambda1.log
Gplus,CaliToTrunc,1,count,increase,0.20,1,,,,0.195475,1,results_laplace_all_attacks/Gplus_CaliToTrunc_eps1_count_increase_mr0.20_lambda1.log
Gplus,CaliToTrunc,1,fixed,decrease,0.03,1,,,,0.002067,1,results_laplace_all_attacks/Gplus_CaliToTrunc_eps1_fixed_decrease_mr0.03_lambda1.log
Gplus,CaliToTrunc,1,fixed,decrease,0.05,1,,,,0.002176,1,results_laplace_all_attacks/Gplus_CaliToTrunc_eps1_fixed_decrease_mr0.05_lambda1.log
Gplus,CaliToTrunc,1,fixed,decrease,0.08,1,,,,0.002377,1,results_laplace_all_attacks/Gplus_CaliToTrunc_eps1_fixed_decrease_mr0.08_lambda1.log
Gplus,CaliToTrunc,1,fixed,decrease,0.10,1,,,,0.002519,1,results_laplace_all_attacks/Gplus_CaliToTrunc_eps1_fixed_decrease_mr0.10_lambda1.log
Gplus,CaliToTrunc,1,fixed,decrease,0.13,1,,,,0.002742,1,results_laplace_all_attacks/Gplus_CaliToTrunc_eps1_fixed_decrease_mr0.13_lambda1.log
Gplus,CaliToTrunc,1,fixed,decrease,0.15,1,,,,0.002898,1,results_laplace_all_attacks/Gplus_CaliToTrunc_eps1_fixed_decrease_mr0.15_lambda1.log
Gplus,CaliToTrunc,1,fixed,decrease,0.18,1,,,,0.003141,1,results_laplace_all_attacks/Gplus_CaliToTrunc_eps1_fixed_decrease_mr0.18_lambda1.log
Gplus,CaliToTrunc,1,fixed,decrease,0.20,1,,,,0.003303,1,results_laplace_all_attacks/Gplus_CaliToTrunc_eps1_fixed_decrease_mr0.20_lambda1.log
Gplus,CaliToTrunc,1,fixed,increase,0.03,1,,,,0.001783,1,results_laplace_all_attacks/Gplus_CaliToTrunc_eps1_fixed_increase_mr0.03_lambda1.log
Gplus,CaliToTrunc,1,fixed,increase,0.05,1,,,,0.001689,1,results_laplace_all_attacks/Gplus_CaliToTrunc_eps1_fixed_increase_mr0.05_lambda1.log
Gplus,CaliToTrunc,1,fixed,increase,0.08,1,,,,0.001581,1,results_laplace_all_attacks/Gplus_CaliToTrunc_eps1_fixed_increase_mr0.08_lambda1.log
Gplus,CaliToTrunc,1,fixed,increase,0.10,1,,,,0.001550,1,results_laplace_all_attacks/Gplus_CaliToTrunc_eps1_fixed_increase_mr0.10_lambda1.log
Gplus,CaliToTrunc,1,fixed,increase,0.13,1,,,,0.001509,1,results_laplace_all_attacks/Gplus_CaliToTrunc_eps1_fixed_increase_mr0.13_lambda1.log
Gplus,CaliToTrunc,1,fixed,increase,0.15,1,,,,0.001502,1,results_laplace_all_attacks/Gplus_CaliToTrunc_eps1_fixed_increase_mr0.15_lambda1.log
Gplus,CaliToTrunc,1,fixed,increase,0.18,1,,,,0.001520,1,results_laplace_all_attacks/Gplus_CaliToTrunc_eps1_fixed_increase_mr0.18_lambda1.log
Gplus,CaliToTrunc,1,fixed,increase,0.20,1,,,,0.001557,1,results_laplace_all_attacks/Gplus_CaliToTrunc_eps1_fixed_increase_mr0.20_lambda1.log
Gplus,CaliToTrunc,1,scale,decrease,0.03,1,,,,0.004301,1,results_laplace_all_attacks/Gplus_CaliToTrunc_eps1_scale_decrease_mr0.03_lambda1.log
Gplus,CaliToTrunc,1,scale,decrease,0.05,1,,,,0.006191,1,results_laplace_all_attacks/Gplus_CaliToTrunc_eps1_scale_decrease_mr0.05_lambda1.log
Gplus,CaliToTrunc,1,scale,decrease,0.08,1,,,,0.009229,1,results_laplace_all_attacks/Gplus_CaliToTrunc_eps1_scale_decrease_mr0.08_lambda1.log
Gplus,CaliToTrunc,1,scale,decrease,0.10,1,,,,0.011315,1,results_laplace_all_attacks/Gplus_CaliToTrunc_eps1_scale_decrease_mr0.10_lambda1.log
Gplus,CaliToTrunc,1,scale,decrease,0.13,1,,,,0.014150,1,results_laplace_all_attacks/Gplus_CaliToTrunc_eps1_scale_decrease_mr0.13_lambda1.log
Gplus,CaliToTrunc,1,scale,decrease,0.15,1,,,,0.016206,1,results_laplace_all_attacks/Gplus_CaliToTrunc_eps1_scale_decrease_mr0.15_lambda1.log
Gplus,CaliToTrunc,1,scale,decrease,0.18,1,,,,0.019127,1,results_laplace_all_attacks/Gplus_CaliToTrunc_eps1_scale_decrease_mr0.18_lambda1.log
Gplus,CaliToTrunc,1,scale,decrease,0.20,1,,,,0.021152,1,results_laplace_all_attacks/Gplus_CaliToTrunc_eps1_scale_decrease_mr0.20_lambda1.log
Gplus,CaliToTrunc,1,scale,increase,0.03,1,,,,0.002090,1,results_laplace_all_attacks/Gplus_CaliToTrunc_eps1_scale_increase_mr0.03_lambda1.log
Gplus,CaliToTrunc,1,scale,increase,0.05,1,,,,0.003811,1,results_laplace_all_attacks/Gplus_CaliToTrunc_eps1_scale_increase_mr0.05_lambda1.log
Gplus,CaliToTrunc,1,scale,increase,0.08,1,,,,0.006849,1,results_laplace_all_attacks/Gplus_CaliToTrunc_eps1_scale_increase_mr0.08_lambda1.log
Gplus,CaliToTrunc,1,scale,increase,0.10,1,,,,0.008935,1,results_laplace_all_attacks/Gplus_CaliToTrunc_eps1_scale_increase_mr0.10_lambda1.log
Gplus,CaliToTrunc,1,scale,increase,0.13,1,,,,0.011771,1,results_laplace_all_attacks/Gplus_CaliToTrunc_eps1_scale_increase_mr0.13_lambda1.log
Gplus,CaliToTrunc,1,scale,increase,0.15,1,,,,0.013826,1,results_laplace_all_attacks/Gplus_CaliToTrunc_eps1_scale_increase_mr0.15_lambda1.log
Gplus,CaliToTrunc,1,scale,increase,0.18,1,,,,0.016747,1,results_laplace_all_attacks/Gplus_CaliToTrunc_eps1_scale_increase_mr0.18_lambda1.log
Gplus,CaliToTrunc,1,scale,increase,0.20,1,,,,0.018773,1,results_laplace_all_attacks/Gplus_CaliToTrunc_eps1_scale_increase_mr0.20_lambda1.log
Gplus,CaliToTrunc,2,clean,none,0,0,,,,0.006940,1,results_laplace_all_attacks/Gplus_CaliToTrunc_eps2_clean.log
Gplus,CaliToTrunc,2,count,decrease,0.03,1,,,,0.039612,1,results_laplace_all_attacks/Gplus_CaliToTrunc_eps2_count_decrease_mr0.03_lambda1.log
Gplus,CaliToTrunc,2,count,decrease,0.05,1,,,,0.055191,1,results_laplace_all_attacks/Gplus_CaliToTrunc_eps2_count_decrease_mr0.05_lambda1.log
Gplus,CaliToTrunc,2,count,decrease,0.08,1,,,,0.082540,1,results_laplace_all_attacks/Gplus_CaliToTrunc_eps2_count_decrease_mr0.08_lambda1.log
Gplus,CaliToTrunc,2,count,decrease,0.10,1,,,,0.103254,1,results_laplace_all_attacks/Gplus_CaliToTrunc_eps2_count_decrease_mr0.10_lambda1.log
Gplus,CaliToTrunc,2,count,decrease,0.13,1,,,,0.126835,1,results_laplace_all_attacks/Gplus_CaliToTrunc_eps2_count_decrease_mr0.13_lambda1.log
Gplus,CaliToTrunc,2,count,decrease,0.15,1,,,,0.149364,1,results_laplace_all_attacks/Gplus_CaliToTrunc_eps2_count_decrease_mr0.15_lambda1.log
Gplus,CaliToTrunc,2,count,decrease,0.18,1,,,,0.176166,1,results_laplace_all_attacks/Gplus_CaliToTrunc_eps2_count_decrease_mr0.18_lambda1.log
Gplus,CaliToTrunc,2,count,decrease,0.20,1,,,,0.196751,1,results_laplace_all_attacks/Gplus_CaliToTrunc_eps2_count_decrease_mr0.20_lambda1.log
Gplus,CaliToTrunc,2,count,increase,0.03,1,,,,0.025732,1,results_laplace_all_attacks/Gplus_CaliToTrunc_eps2_count_increase_mr0.03_lambda1.log
Gplus,CaliToTrunc,2,count,increase,0.05,1,,,,0.041311,1,results_laplace_all_attacks/Gplus_CaliToTrunc_eps2_count_increase_mr0.05_lambda1.log
Gplus,CaliToTrunc,2,count,increase,0.08,1,,,,0.068660,1,results_laplace_all_attacks/Gplus_CaliToTrunc_eps2_count_increase_mr0.08_lambda1.log
Gplus,CaliToTrunc,2,count,increase,0.10,1,,,,0.089375,1,results_laplace_all_attacks/Gplus_CaliToTrunc_eps2_count_increase_mr0.10_lambda1.log
Gplus,CaliToTrunc,2,count,increase,0.13,1,,,,0.112956,1,results_laplace_all_attacks/Gplus_CaliToTrunc_eps2_count_increase_mr0.13_lambda1.log
Gplus,CaliToTrunc,2,count,increase,0.15,1,,,,0.135484,1,results_laplace_all_attacks/Gplus_CaliToTrunc_eps2_count_increase_mr0.15_lambda1.log
Gplus,CaliToTrunc,2,count,increase,0.18,1,,,,0.162286,1,results_laplace_all_attacks/Gplus_CaliToTrunc_eps2_count_increase_mr0.18_lambda1.log
Gplus,CaliToTrunc,2,count,increase,0.20,1,,,,0.182871,1,results_laplace_all_attacks/Gplus_CaliToTrunc_eps2_count_increase_mr0.20_lambda1.log
Gplus,CaliToTrunc,2,fixed,decrease,0.03,1,,,,0.007243,1,results_laplace_all_attacks/Gplus_CaliToTrunc_eps2_fixed_decrease_mr0.03_lambda1.log
Gplus,CaliToTrunc,2,fixed,decrease,0.05,1,,,,0.007446,1,results_laplace_all_attacks/Gplus_CaliToTrunc_eps2_fixed_decrease_mr0.05_lambda1.log
Gplus,CaliToTrunc,2,fixed,decrease,0.08,1,,,,0.007749,1,results_laplace_all_attacks/Gplus_CaliToTrunc_eps2_fixed_decrease_mr0.08_lambda1.log
Gplus,CaliToTrunc,2,fixed,decrease,0.10,1,,,,0.007951,1,results_laplace_all_attacks/Gplus_CaliToTrunc_eps2_fixed_decrease_mr0.10_lambda1.log
Gplus,CaliToTrunc,2,fixed,decrease,0.13,1,,,,0.008255,1,results_laplace_all_attacks/Gplus_CaliToTrunc_eps2_fixed_decrease_mr0.13_lambda1.log
Gplus,CaliToTrunc,2,fixed,decrease,0.15,1,,,,0.008457,1,results_laplace_all_attacks/Gplus_CaliToTrunc_eps2_fixed_decrease_mr0.15_lambda1.log
Gplus,CaliToTrunc,2,fixed,decrease,0.18,1,,,,0.008761,1,results_laplace_all_attacks/Gplus_CaliToTrunc_eps2_fixed_decrease_mr0.18_lambda1.log
Gplus,CaliToTrunc,2,fixed,decrease,0.20,1,,,,0.008963,1,results_laplace_all_attacks/Gplus_CaliToTrunc_eps2_fixed_decrease_mr0.20_lambda1.log
Gplus,CaliToTrunc,2,fixed,increase,0.03,1,,,,0.006636,1,results_laplace_all_attacks/Gplus_CaliToTrunc_eps2_fixed_increase_mr0.03_lambda1.log
Gplus,CaliToTrunc,2,fixed,increase,0.05,1,,,,0.006434,1,results_laplace_all_attacks/Gplus_CaliToTrunc_eps2_fixed_increase_mr0.05_lambda1.log
Gplus,CaliToTrunc,2,fixed,increase,0.08,1,,,,0.006130,1,results_laplace_all_attacks/Gplus_CaliToTrunc_eps2_fixed_increase_mr0.08_lambda1.log
Gplus,CaliToTrunc,2,fixed,increase,0.10,1,,,,0.005928,1,results_laplace_all_attacks/Gplus_CaliToTrunc_eps2_fixed_increase_mr0.10_lambda1.log
Gplus,CaliToTrunc,2,fixed,increase,0.13,1,,,,0.005625,1,results_laplace_all_attacks/Gplus_CaliToTrunc_eps2_fixed_increase_mr0.13_lambda1.log
Gplus,CaliToTrunc,2,fixed,increase,0.15,1,,,,0.005422,1,results_laplace_all_attacks/Gplus_CaliToTrunc_eps2_fixed_increase_mr0.15_lambda1.log
Gplus,CaliToTrunc,2,fixed,increase,0.18,1,,,,0.005119,1,results_laplace_all_attacks/Gplus_CaliToTrunc_eps2_fixed_increase_mr0.18_lambda1.log
Gplus,CaliToTrunc,2,fixed,increase,0.20,1,,,,0.004916,1,results_laplace_all_attacks/Gplus_CaliToTrunc_eps2_fixed_increase_mr0.20_lambda1.log
Gplus,CaliToTrunc,2,scale,decrease,0.03,1,,,,0.008322,1,results_laplace_all_attacks/Gplus_CaliToTrunc_eps2_scale_decrease_mr0.03_lambda1.log
Gplus,CaliToTrunc,2,scale,decrease,0.05,1,,,,0.009146,1,results_laplace_all_attacks/Gplus_CaliToTrunc_eps2_scale_decrease_mr0.05_lambda1.log
Gplus,CaliToTrunc,2,scale,decrease,0.08,1,,,,0.010471,1,results_laplace_all_attacks/Gplus_CaliToTrunc_eps2_scale_decrease_mr0.08_lambda1.log
Gplus,CaliToTrunc,2,scale,decrease,0.10,1,,,,0.011392,1,results_laplace_all_attacks/Gplus_CaliToTrunc_eps2_scale_decrease_mr0.10_lambda1.log
Gplus,CaliToTrunc,2,scale,decrease,0.13,1,,,,0.012658,1,results_laplace_all_attacks/Gplus_CaliToTrunc_eps2_scale_decrease_mr0.13_lambda1.log
Gplus,CaliToTrunc,2,scale,decrease,0.15,1,,,,0.013570,1,results_laplace_all_attacks/Gplus_CaliToTrunc_eps2_scale_decrease_mr0.15_lambda1.log
Gplus,CaliToTrunc,2,scale,decrease,0.18,1,,,,0.014857,1,results_laplace_all_attacks/Gplus_CaliToTrunc_eps2_scale_decrease_mr0.18_lambda1.log
Gplus,CaliToTrunc,2,scale,decrease,0.20,1,,,,0.015757,1,results_laplace_all_attacks/Gplus_CaliToTrunc_eps2_scale_decrease_mr0.20_lambda1.log
Gplus,CaliToTrunc,2,scale,increase,0.03,1,,,,0.005558,1,results_laplace_all_attacks/Gplus_CaliToTrunc_eps2_scale_increase_mr0.03_lambda1.log
Gplus,CaliToTrunc,2,scale,increase,0.05,1,,,,0.004734,1,results_laplace_all_attacks/Gplus_CaliToTrunc_eps2_scale_increase_mr0.05_lambda1.log
Gplus,CaliToTrunc,2,scale,increase,0.08,1,,,,0.003409,1,results_laplace_all_attacks/Gplus_CaliToTrunc_eps2_scale_increase_mr0.08_lambda1.log
Gplus,CaliToTrunc,2,scale,increase,0.10,1,,,,0.002487,1,results_laplace_all_attacks/Gplus_CaliToTrunc_eps2_scale_increase_mr0.10_lambda1.log
Gplus,CaliToTrunc,2,scale,increase,0.13,1,,,,0.001310,1,results_laplace_all_attacks/Gplus_CaliToTrunc_eps2_scale_increase_mr0.13_lambda1.log
Gplus,CaliToTrunc,2,scale,increase,0.15,1,,,,0.000767,1,results_laplace_all_attacks/Gplus_CaliToTrunc_eps2_scale_increase_mr0.15_lambda1.log
Gplus,CaliToTrunc,2,scale,increase,0.18,1,,,,0.001032,1,results_laplace_all_attacks/Gplus_CaliToTrunc_eps2_scale_increase_mr0.18_lambda1.log
Gplus,CaliToTrunc,2,scale,increase,0.20,1,,,,0.001877,1,results_laplace_all_attacks/Gplus_CaliToTrunc_eps2_scale_increase_mr0.20_lambda1.log
Gplus,CaliToUpper,0.5,clean,none,0,0,,,,0.007515,1,results_laplace_all_attacks/Gplus_CaliToUpper_eps0.5_clean.log
Gplus,CaliToUpper,0.5,count,decrease,0.03,1,,,,0.033176,1,results_laplace_all_attacks/Gplus_CaliToUpper_eps0.5_count_decrease_mr0.03_lambda1.log
Gplus,CaliToUpper,0.5,count,decrease,0.05,1,,,,0.049963,1,results_laplace_all_attacks/Gplus_CaliToUpper_eps0.5_count_decrease_mr0.05_lambda1.log
Gplus,CaliToUpper,0.5,count,decrease,0.08,1,,,,0.079094,1,results_laplace_all_attacks/Gplus_CaliToUpper_eps0.5_count_decrease_mr0.08_lambda1.log
Gplus,CaliToUpper,0.5,count,decrease,0.10,1,,,,0.101038,1,results_laplace_all_attacks/Gplus_CaliToUpper_eps0.5_count_decrease_mr0.10_lambda1.log
Gplus,CaliToUpper,0.5,count,decrease,0.13,1,,,,0.126473,1,results_laplace_all_attacks/Gplus_CaliToUpper_eps0.5_count_decrease_mr0.13_lambda1.log
Gplus,CaliToUpper,0.5,count,decrease,0.15,1,,,,0.150604,1,results_laplace_all_attacks/Gplus_CaliToUpper_eps0.5_count_decrease_mr0.15_lambda1.log
Gplus,CaliToUpper,0.5,count,decrease,0.18,1,,,,0.179343,1,results_laplace_all_attacks/Gplus_CaliToUpper_eps0.5_count_decrease_mr0.18_lambda1.log
Gplus,CaliToUpper,0.5,count,decrease,0.20,1,,,,0.201069,1,results_laplace_all_attacks/Gplus_CaliToUpper_eps0.5_count_decrease_mr0.20_lambda1.log
Gplus,CaliToUpper,0.5,count,increase,0.03,1,,,,0.036114,1,results_laplace_all_attacks/Gplus_CaliToUpper_eps0.5_count_increase_mr0.03_lambda1.log
Gplus,CaliToUpper,0.5,count,increase,0.05,1,,,,0.052902,1,results_laplace_all_attacks/Gplus_CaliToUpper_eps0.5_count_increase_mr0.05_lambda1.log
Gplus,CaliToUpper,0.5,count,increase,0.08,1,,,,0.082032,1,results_laplace_all_attacks/Gplus_CaliToUpper_eps0.5_count_increase_mr0.08_lambda1.log
Gplus,CaliToUpper,0.5,count,increase,0.10,1,,,,0.103976,1,results_laplace_all_attacks/Gplus_CaliToUpper_eps0.5_count_increase_mr0.10_lambda1.log
Gplus,CaliToUpper,0.5,count,increase,0.13,1,,,,0.129411,1,results_laplace_all_attacks/Gplus_CaliToUpper_eps0.5_count_increase_mr0.13_lambda1.log
Gplus,CaliToUpper,0.5,count,increase,0.15,1,,,,0.153542,1,results_laplace_all_attacks/Gplus_CaliToUpper_eps0.5_count_increase_mr0.15_lambda1.log
Gplus,CaliToUpper,0.5,count,increase,0.18,1,,,,0.182281,1,results_laplace_all_attacks/Gplus_CaliToUpper_eps0.5_count_increase_mr0.18_lambda1.log
Gplus,CaliToUpper,0.5,count,increase,0.20,1,,,,0.204007,1,results_laplace_all_attacks/Gplus_CaliToUpper_eps0.5_count_increase_mr0.20_lambda1.log
Gplus,CaliToUpper,0.5,fixed,decrease,0.03,1,,,,0.007439,1,results_laplace_all_attacks/Gplus_CaliToUpper_eps0.5_fixed_decrease_mr0.03_lambda1.log
Gplus,CaliToUpper,0.5,fixed,decrease,0.05,1,,,,0.007411,1,results_laplace_all_attacks/Gplus_CaliToUpper_eps0.5_fixed_decrease_mr0.05_lambda1.log
Gplus,CaliToUpper,0.5,fixed,decrease,0.08,1,,,,0.007384,1,results_laplace_all_attacks/Gplus_CaliToUpper_eps0.5_fixed_decrease_mr0.08_lambda1.log
Gplus,CaliToUpper,0.5,fixed,decrease,0.10,1,,,,0.007370,1,results_laplace_all_attacks/Gplus_CaliToUpper_eps0.5_fixed_decrease_mr0.10_lambda1.log
Gplus,CaliToUpper,0.5,fixed,decrease,0.13,1,,,,0.007353,1,results_laplace_all_attacks/Gplus_CaliToUpper_eps0.5_fixed_decrease_mr0.13_lambda1.log
Gplus,CaliToUpper,0.5,fixed,decrease,0.15,1,,,,0.007353,1,results_laplace_all_attacks/Gplus_CaliToUpper_eps0.5_fixed_decrease_mr0.15_lambda1.log
Gplus,CaliToUpper,0.5,fixed,decrease,0.18,1,,,,0.007365,1,results_laplace_all_attacks/Gplus_CaliToUpper_eps0.5_fixed_decrease_mr0.18_lambda1.log
Gplus,CaliToUpper,0.5,fixed,decrease,0.20,1,,,,0.007392,1,results_laplace_all_attacks/Gplus_CaliToUpper_eps0.5_fixed_decrease_mr0.20_lambda1.log
Gplus,CaliToUpper,0.5,fixed,increase,0.03,1,,,,0.007616,1,results_laplace_all_attacks/Gplus_CaliToUpper_eps0.5_fixed_increase_mr0.03_lambda1.log
Gplus,CaliToUpper,0.5,fixed,increase,0.05,1,,,,0.007684,1,results_laplace_all_attacks/Gplus_CaliToUpper_eps0.5_fixed_increase_mr0.05_lambda1.log
Gplus,CaliToUpper,0.5,fixed,increase,0.08,1,,,,0.007785,1,results_laplace_all_attacks/Gplus_CaliToUpper_eps0.5_fixed_increase_mr0.08_lambda1.log
Gplus,CaliToUpper,0.5,fixed,increase,0.10,1,,,,0.007852,1,results_laplace_all_attacks/Gplus_CaliToUpper_eps0.5_fixed_increase_mr0.10_lambda1.log
Gplus,CaliToUpper,0.5,fixed,increase,0.13,1,,,,0.007954,1,results_laplace_all_attacks/Gplus_CaliToUpper_eps0.5_fixed_increase_mr0.13_lambda1.log
Gplus,CaliToUpper,0.5,fixed,increase,0.15,1,,,,0.008021,1,results_laplace_all_attacks/Gplus_CaliToUpper_eps0.5_fixed_increase_mr0.15_lambda1.log
Gplus,CaliToUpper,0.5,fixed,increase,0.18,1,,,,0.008122,1,results_laplace_all_attacks/Gplus_CaliToUpper_eps0.5_fixed_increase_mr0.18_lambda1.log
Gplus,CaliToUpper,0.5,fixed,increase,0.20,1,,,,0.008190,1,results_laplace_all_attacks/Gplus_CaliToUpper_eps0.5_fixed_increase_mr0.20_lambda1.log
Gplus,CaliToUpper,0.5,scale,decrease,0.03,1,,,,0.020706,1,results_laplace_all_attacks/Gplus_CaliToUpper_eps0.5_scale_decrease_mr0.03_lambda1.log
Gplus,CaliToUpper,0.5,scale,decrease,0.05,1,,,,0.035135,1,results_laplace_all_attacks/Gplus_CaliToUpper_eps0.5_scale_decrease_mr0.05_lambda1.log
Gplus,CaliToUpper,0.5,scale,decrease,0.08,1,,,,0.057188,1,results_laplace_all_attacks/Gplus_CaliToUpper_eps0.5_scale_decrease_mr0.08_lambda1.log
Gplus,CaliToUpper,0.5,scale,decrease,0.10,1,,,,0.072044,1,results_laplace_all_attacks/Gplus_CaliToUpper_eps0.5_scale_decrease_mr0.10_lambda1.log
Gplus,CaliToUpper,0.5,scale,decrease,0.13,1,,,,0.093770,1,results_laplace_all_attacks/Gplus_CaliToUpper_eps0.5_scale_decrease_mr0.13_lambda1.log
Gplus,CaliToUpper,0.5,scale,decrease,0.15,1,,,,0.108475,1,results_laplace_all_attacks/Gplus_CaliToUpper_eps0.5_scale_decrease_mr0.15_lambda1.log
Gplus,CaliToUpper,0.5,scale,decrease,0.18,1,,,,0.130396,1,results_laplace_all_attacks/Gplus_CaliToUpper_eps0.5_scale_decrease_mr0.18_lambda1.log
Gplus,CaliToUpper,0.5,scale,decrease,0.20,1,,,,0.145111,1,results_laplace_all_attacks/Gplus_CaliToUpper_eps0.5_scale_decrease_mr0.20_lambda1.log
Gplus,CaliToUpper,0.5,scale,increase,0.03,1,,,,0.023644,1,results_laplace_all_attacks/Gplus_CaliToUpper_eps0.5_scale_increase_mr0.03_lambda1.log
Gplus,CaliToUpper,0.5,scale,increase,0.05,1,,,,0.038073,1,results_laplace_all_attacks/Gplus_CaliToUpper_eps0.5_scale_increase_mr0.05_lambda1.log
Gplus,CaliToUpper,0.5,scale,increase,0.08,1,,,,0.060127,1,results_laplace_all_attacks/Gplus_CaliToUpper_eps0.5_scale_increase_mr0.08_lambda1.log
Gplus,CaliToUpper,0.5,scale,increase,0.10,1,,,,0.074983,1,results_laplace_all_attacks/Gplus_CaliToUpper_eps0.5_scale_increase_mr0.10_lambda1.log
Gplus,CaliToUpper,0.5,scale,increase,0.13,1,,,,0.096708,1,results_laplace_all_attacks/Gplus_CaliToUpper_eps0.5_scale_increase_mr0.13_lambda1.log
Gplus,CaliToUpper,0.5,scale,increase,0.15,1,,,,0.111413,1,results_laplace_all_attacks/Gplus_CaliToUpper_eps0.5_scale_increase_mr0.15_lambda1.log
Gplus,CaliToUpper,0.5,scale,increase,0.18,1,,,,0.133335,1,results_laplace_all_attacks/Gplus_CaliToUpper_eps0.5_scale_increase_mr0.18_lambda1.log
Gplus,CaliToUpper,0.5,scale,increase,0.20,1,,,,0.148049,1,results_laplace_all_attacks/Gplus_CaliToUpper_eps0.5_scale_increase_mr0.20_lambda1.log
Gplus,CaliToUpper,1,clean,none,0,0,,,,0.003047,1,results_laplace_all_attacks/Gplus_CaliToUpper_eps1_clean.log
Gplus,CaliToUpper,1,count,decrease,0.03,1,,,,0.033540,1,results_laplace_all_attacks/Gplus_CaliToUpper_eps1_count_decrease_mr0.03_lambda1.log
Gplus,CaliToUpper,1,count,decrease,0.05,1,,,,0.050328,1,results_laplace_all_attacks/Gplus_CaliToUpper_eps1_count_decrease_mr0.05_lambda1.log
Gplus,CaliToUpper,1,count,decrease,0.08,1,,,,0.079458,1,results_laplace_all_attacks/Gplus_CaliToUpper_eps1_count_decrease_mr0.08_lambda1.log
Gplus,CaliToUpper,1,count,decrease,0.10,1,,,,0.101402,1,results_laplace_all_attacks/Gplus_CaliToUpper_eps1_count_decrease_mr0.10_lambda1.log
Gplus,CaliToUpper,1,count,decrease,0.13,1,,,,0.126837,1,results_laplace_all_attacks/Gplus_CaliToUpper_eps1_count_decrease_mr0.13_lambda1.log
Gplus,CaliToUpper,1,count,decrease,0.15,1,,,,0.150968,1,results_laplace_all_attacks/Gplus_CaliToUpper_eps1_count_decrease_mr0.15_lambda1.log
Gplus,CaliToUpper,1,count,decrease,0.18,1,,,,0.179707,1,results_laplace_all_attacks/Gplus_CaliToUpper_eps1_count_decrease_mr0.18_lambda1.log
Gplus,CaliToUpper,1,count,decrease,0.20,1,,,,0.201434,1,results_laplace_all_attacks/Gplus_CaliToUpper_eps1_count_decrease_mr0.20_lambda1.log
Gplus,CaliToUpper,1,count,increase,0.03,1,,,,0.035749,1,results_laplace_all_attacks/Gplus_CaliToUpper_eps1_count_increase_mr0.03_lambda1.log
Gplus,CaliToUpper,1,count,increase,0.05,1,,,,0.052537,1,results_laplace_all_attacks/Gplus_CaliToUpper_eps1_count_increase_mr0.05_lambda1.log
Gplus,CaliToUpper,1,count,increase,0.08,1,,,,0.081668,1,results_laplace_all_attacks/Gplus_CaliToUpper_eps1_count_increase_mr0.08_lambda1.log
Gplus,CaliToUpper,1,count,increase,0.10,1,,,,0.103611,1,results_laplace_all_attacks/Gplus_CaliToUpper_eps1_count_increase_mr0.10_lambda1.log
Gplus,CaliToUpper,1,count,increase,0.13,1,,,,0.129047,1,results_laplace_all_attacks/Gplus_CaliToUpper_eps1_count_increase_mr0.13_lambda1.log
Gplus,CaliToUpper,1,count,increase,0.15,1,,,,0.153178,1,results_laplace_all_attacks/Gplus_CaliToUpper_eps1_count_increase_mr0.15_lambda1.log
Gplus,CaliToUpper,1,count,increase,0.18,1,,,,0.181916,1,results_laplace_all_attacks/Gplus_CaliToUpper_eps1_count_increase_mr0.18_lambda1.log
Gplus,CaliToUpper,1,count,increase,0.20,1,,,,0.203643,1,results_laplace_all_attacks/Gplus_CaliToUpper_eps1_count_increase_mr0.20_lambda1.log
Gplus,CaliToUpper,1,fixed,decrease,0.03,1,,,,0.002946,1,results_laplace_all_attacks/Gplus_CaliToUpper_eps1_fixed_decrease_mr0.03_lambda1.log
Gplus,CaliToUpper,1,fixed,decrease,0.05,1,,,,0.002878,1,results_laplace_all_attacks/Gplus_CaliToUpper_eps1_fixed_decrease_mr0.05_lambda1.log
Gplus,CaliToUpper,1,fixed,decrease,0.08,1,,,,0.002820,1,results_laplace_all_attacks/Gplus_CaliToUpper_eps1_fixed_decrease_mr0.08_lambda1.log
Gplus,CaliToUpper,1,fixed,decrease,0.10,1,,,,0.002812,1,results_laplace_all_attacks/Gplus_CaliToUpper_eps1_fixed_decrease_mr0.10_lambda1.log
Gplus,CaliToUpper,1,fixed,decrease,0.13,1,,,,0.002818,1,results_laplace_all_attacks/Gplus_CaliToUpper_eps1_fixed_decrease_mr0.13_lambda1.log
Gplus,CaliToUpper,1,fixed,decrease,0.15,1,,,,0.002839,1,results_laplace_all_attacks/Gplus_CaliToUpper_eps1_fixed_decrease_mr0.15_lambda1.log
Gplus,CaliToUpper,1,fixed,decrease,0.18,1,,,,0.002927,1,results_laplace_all_attacks/Gplus_CaliToUpper_eps1_fixed_decrease_mr0.18_lambda1.log
Gplus,CaliToUpper,1,fixed,decrease,0.20,1,,,,0.002998,1,results_laplace_all_attacks/Gplus_CaliToUpper_eps1_fixed_decrease_mr0.20_lambda1.log
Gplus,CaliToUpper,1,fixed,increase,0.03,1,,,,0.003148,1,results_laplace_all_attacks/Gplus_CaliToUpper_eps1_fixed_increase_mr0.03_lambda1.log
Gplus,CaliToUpper,1,fixed,increase,0.05,1,,,,0.003216,1,results_laplace_all_attacks/Gplus_CaliToUpper_eps1_fixed_increase_mr0.05_lambda1.log
Gplus,CaliToUpper,1,fixed,increase,0.08,1,,,,0.003317,1,results_laplace_all_attacks/Gplus_CaliToUpper_eps1_fixed_increase_mr0.08_lambda1.log
Gplus,CaliToUpper,1,fixed,increase,0.10,1,,,,0.003384,1,results_laplace_all_attacks/Gplus_CaliToUpper_eps1_fixed_increase_mr0.10_lambda1.log
Gplus,CaliToUpper,1,fixed,increase,0.13,1,,,,0.003485,1,results_laplace_all_attacks/Gplus_CaliToUpper_eps1_fixed_increase_mr0.13_lambda1.log
Gplus,CaliToUpper,1,fixed,increase,0.15,1,,,,0.003553,1,results_laplace_all_attacks/Gplus_CaliToUpper_eps1_fixed_increase_mr0.15_lambda1.log
Gplus,CaliToUpper,1,fixed,increase,0.18,1,,,,0.003682,1,results_laplace_all_attacks/Gplus_CaliToUpper_eps1_fixed_increase_mr0.18_lambda1.log
Gplus,CaliToUpper,1,fixed,increase,0.20,1,,,,0.003801,1,results_laplace_all_attacks/Gplus_CaliToUpper_eps1_fixed_increase_mr0.20_lambda1.log
Gplus,CaliToUpper,1,scale,decrease,0.03,1,,,,0.007093,1,results_laplace_all_attacks/Gplus_CaliToUpper_eps1_scale_decrease_mr0.03_lambda1.log
Gplus,CaliToUpper,1,scale,decrease,0.05,1,,,,0.012362,1,results_laplace_all_attacks/Gplus_CaliToUpper_eps1_scale_decrease_mr0.05_lambda1.log
Gplus,CaliToUpper,1,scale,decrease,0.08,1,,,,0.020471,1,results_laplace_all_attacks/Gplus_CaliToUpper_eps1_scale_decrease_mr0.08_lambda1.log
Gplus,CaliToUpper,1,scale,decrease,0.10,1,,,,0.025947,1,results_laplace_all_attacks/Gplus_CaliToUpper_eps1_scale_decrease_mr0.10_lambda1.log
Gplus,CaliToUpper,1,scale,decrease,0.13,1,,,,0.033897,1,results_laplace_all_attacks/Gplus_CaliToUpper_eps1_scale_decrease_mr0.13_lambda1.log
Gplus,CaliToUpper,1,scale,decrease,0.15,1,,,,0.039346,1,results_laplace_all_attacks/Gplus_CaliToUpper_eps1_scale_decrease_mr0.15_lambda1.log
Gplus,CaliToUpper,1,scale,decrease,0.18,1,,,,0.047395,1,results_laplace_all_attacks/Gplus_CaliToUpper_eps1_scale_decrease_mr0.18_lambda1.log
Gplus,CaliToUpper,1,scale,decrease,0.20,1,,,,0.052811,1,results_laplace_all_attacks/Gplus_CaliToUpper_eps1_scale_decrease_mr0.20_lambda1.log
Gplus,CaliToUpper,1,scale,increase,0.03,1,,,,0.009302,1,results_laplace_all_attacks/Gplus_CaliToUpper_eps1_scale_increase_mr0.03_lambda1.log
Gplus,CaliToUpper,1,scale,increase,0.05,1,,,,0.014572,1,results_laplace_all_attacks/Gplus_CaliToUpper_eps1_scale_increase_mr0.05_lambda1.log
Gplus,CaliToUpper,1,scale,increase,0.08,1,,,,0.022680,1,results_laplace_all_attacks/Gplus_CaliToUpper_eps1_scale_increase_mr0.08_lambda1.log
Gplus,CaliToUpper,1,scale,increase,0.10,1,,,,0.028156,1,results_laplace_all_attacks/Gplus_CaliToUpper_eps1_scale_increase_mr0.10_lambda1.log
Gplus,CaliToUpper,1,scale,increase,0.13,1,,,,0.036107,1,results_laplace_all_attacks/Gplus_CaliToUpper_eps1_scale_increase_mr0.13_lambda1.log
Gplus,CaliToUpper,1,scale,increase,0.15,1,,,,0.041556,1,results_laplace_all_attacks/Gplus_CaliToUpper_eps1_scale_increase_mr0.15_lambda1.log
Gplus,CaliToUpper,1,scale,increase,0.18,1,,,,0.049604,1,results_laplace_all_attacks/Gplus_CaliToUpper_eps1_scale_increase_mr0.18_lambda1.log
Gplus,CaliToUpper,1,scale,increase,0.20,1,,,,0.055020,1,results_laplace_all_attacks/Gplus_CaliToUpper_eps1_scale_increase_mr0.20_lambda1.log
Gplus,CaliToUpper,2,clean,none,0,0,,,,0.001458,1,results_laplace_all_attacks/Gplus_CaliToUpper_eps2_clean.log
Gplus,CaliToUpper,2,count,decrease,0.03,1,,,,0.033675,1,results_laplace_all_attacks/Gplus_CaliToUpper_eps2_count_decrease_mr0.03_lambda1.log
Gplus,CaliToUpper,2,count,decrease,0.05,1,,,,0.050463,1,results_laplace_all_attacks/Gplus_CaliToUpper_eps2_count_decrease_mr0.05_lambda1.log
Gplus,CaliToUpper,2,count,decrease,0.08,1,,,,0.079593,1,results_laplace_all_attacks/Gplus_CaliToUpper_eps2_count_decrease_mr0.08_lambda1.log
Gplus,CaliToUpper,2,count,decrease,0.10,1,,,,0.101537,1,results_laplace_all_attacks/Gplus_CaliToUpper_eps2_count_decrease_mr0.10_lambda1.log
Gplus,CaliToUpper,2,count,decrease,0.13,1,,,,0.126972,1,results_laplace_all_attacks/Gplus_CaliToUpper_eps2_count_decrease_mr0.13_lambda1.log
Gplus,CaliToUpper,2,count,decrease,0.15,1,,,,0.151103,1,results_laplace_all_attacks/Gplus_CaliToUpper_eps2_count_decrease_mr0.15_lambda1.log
Gplus,CaliToUpper,2,count,decrease,0.18,1,,,,0.179842,1,results_laplace_all_attacks/Gplus_CaliToUpper_eps2_count_decrease_mr0.18_lambda1.log
Gplus,CaliToUpper,2,count,decrease,0.20,1,,,,0.201568,1,results_laplace_all_attacks/Gplus_CaliToUpper_eps2_count_decrease_mr0.20_lambda1.log
Gplus,CaliToUpper,2,count,increase,0.03,1,,,,0.035615,1,results_laplace_all_attacks/Gplus_CaliToUpper_eps2_count_increase_mr0.03_lambda1.log
Gplus,CaliToUpper,2,count,increase,0.05,1,,,,0.052402,1,results_laplace_all_attacks/Gplus_CaliToUpper_eps2_count_increase_mr0.05_lambda1.log
Gplus,CaliToUpper,2,count,increase,0.08,1,,,,0.081533,1,results_laplace_all_attacks/Gplus_CaliToUpper_eps2_count_increase_mr0.08_lambda1.log
Gplus,CaliToUpper,2,count,increase,0.10,1,,,,0.103477,1,results_laplace_all_attacks/Gplus_CaliToUpper_eps2_count_increase_mr0.10_lambda1.log
Gplus,CaliToUpper,2,count,increase,0.13,1,,,,0.128912,1,results_laplace_all_attacks/Gplus_CaliToUpper_eps2_count_increase_mr0.13_lambda1.log
Gplus,CaliToUpper,2,count,increase,0.15,1,,,,0.153043,1,results_laplace_all_attacks/Gplus_CaliToUpper_eps2_count_increase_mr0.15_lambda1.log
Gplus,CaliToUpper,2,count,increase,0.18,1,,,,0.181782,1,results_laplace_all_attacks/Gplus_CaliToUpper_eps2_count_increase_mr0.18_lambda1.log
Gplus,CaliToUpper,2,count,increase,0.20,1,,,,0.203508,1,results_laplace_all_attacks/Gplus_CaliToUpper_eps2_count_increase_mr0.20_lambda1.log
Gplus,CaliToUpper,2,fixed,decrease,0.03,1,,,,0.001357,1,results_laplace_all_attacks/Gplus_CaliToUpper_eps2_fixed_decrease_mr0.03_lambda1.log
Gplus,CaliToUpper,2,fixed,decrease,0.05,1,,,,0.001290,1,results_laplace_all_attacks/Gplus_CaliToUpper_eps2_fixed_decrease_mr0.05_lambda1.log
Gplus,CaliToUpper,2,fixed,decrease,0.08,1,,,,0.001211,1,results_laplace_all_attacks/Gplus_CaliToUpper_eps2_fixed_decrease_mr0.08_lambda1.log
Gplus,CaliToUpper,2,fixed,decrease,0.10,1,,,,0.001217,1,results_laplace_all_attacks/Gplus_CaliToUpper_eps2_fixed_decrease_mr0.10_lambda1.log
Gplus,CaliToUpper,2,fixed,decrease,0.13,1,,,,0.001282,1,results_laplace_all_attacks/Gplus_CaliToUpper_eps2_fixed_decrease_mr0.13_lambda1.log
Gplus,CaliToUpper,2,fixed,decrease,0.15,1,,,,0.001362,1,results_laplace_all_attacks/Gplus_CaliToUpper_eps2_fixed_decrease_mr0.15_lambda1.log
Gplus,CaliToUpper,2,fixed,decrease,0.18,1,,,,0.001484,1,results_laplace_all_attacks/Gplus_CaliToUpper_eps2_fixed_decrease_mr0.18_lambda1.log
Gplus,CaliToUpper,2,fixed,decrease,0.20,1,,,,0.001578,1,results_laplace_all_attacks/Gplus_CaliToUpper_eps2_fixed_decrease_mr0.20_lambda1.log
Gplus,CaliToUpper,2,fixed,increase,0.03,1,,,,0.001567,1,results_laplace_all_attacks/Gplus_CaliToUpper_eps2_fixed_increase_mr0.03_lambda1.log
Gplus,CaliToUpper,2,fixed,increase,0.05,1,,,,0.001691,1,results_laplace_all_attacks/Gplus_CaliToUpper_eps2_fixed_increase_mr0.05_lambda1.log
Gplus,CaliToUpper,2,fixed,increase,0.08,1,,,,0.001912,1,results_laplace_all_attacks/Gplus_CaliToUpper_eps2_fixed_increase_mr0.08_lambda1.log
Gplus,CaliToUpper,2,fixed,increase,0.10,1,,,,0.002071,1,results_laplace_all_attacks/Gplus_CaliToUpper_eps2_fixed_increase_mr0.10_lambda1.log
Gplus,CaliToUpper,2,fixed,increase,0.13,1,,,,0.002314,1,results_laplace_all_attacks/Gplus_CaliToUpper_eps2_fixed_increase_mr0.13_lambda1.log
Gplus,CaliToUpper,2,fixed,increase,0.15,1,,,,0.002488,1,results_laplace_all_attacks/Gplus_CaliToUpper_eps2_fixed_increase_mr0.15_lambda1.log
Gplus,CaliToUpper,2,fixed,increase,0.18,1,,,,0.002791,1,results_laplace_all_attacks/Gplus_CaliToUpper_eps2_fixed_increase_mr0.18_lambda1.log
Gplus,CaliToUpper,2,fixed,increase,0.20,1,,,,0.002993,1,results_laplace_all_attacks/Gplus_CaliToUpper_eps2_fixed_increase_mr0.20_lambda1.log
Gplus,CaliToUpper,2,scale,decrease,0.03,1,,,,0.002489,1,results_laplace_all_attacks/Gplus_CaliToUpper_eps2_scale_decrease_mr0.03_lambda1.log
Gplus,CaliToUpper,2,scale,decrease,0.05,1,,,,0.004559,1,results_laplace_all_attacks/Gplus_CaliToUpper_eps2_scale_decrease_mr0.05_lambda1.log
Gplus,CaliToUpper,2,scale,decrease,0.08,1,,,,0.007886,1,results_laplace_all_attacks/Gplus_CaliToUpper_eps2_scale_decrease_mr0.08_lambda1.log
Gplus,CaliToUpper,2,scale,decrease,0.10,1,,,,0.010138,1,results_laplace_all_attacks/Gplus_CaliToUpper_eps2_scale_decrease_mr0.10_lambda1.log
Gplus,CaliToUpper,2,scale,decrease,0.13,1,,,,0.013387,1,results_laplace_all_attacks/Gplus_CaliToUpper_eps2_scale_decrease_mr0.13_lambda1.log
Gplus,CaliToUpper,2,scale,decrease,0.15,1,,,,0.015638,1,results_laplace_all_attacks/Gplus_CaliToUpper_eps2_scale_decrease_mr0.15_lambda1.log
Gplus,CaliToUpper,2,scale,decrease,0.18,1,,,,0.018936,1,results_laplace_all_attacks/Gplus_CaliToUpper_eps2_scale_decrease_mr0.18_lambda1.log
Gplus,CaliToUpper,2,scale,decrease,0.20,1,,,,0.021161,1,results_laplace_all_attacks/Gplus_CaliToUpper_eps2_scale_decrease_mr0.20_lambda1.log
Gplus,CaliToUpper,2,scale,increase,0.03,1,,,,0.004350,1,results_laplace_all_attacks/Gplus_CaliToUpper_eps2_scale_increase_mr0.03_lambda1.log
Gplus,CaliToUpper,2,scale,increase,0.05,1,,,,0.006499,1,results_laplace_all_attacks/Gplus_CaliToUpper_eps2_scale_increase_mr0.05_lambda1.log
Gplus,CaliToUpper,2,scale,increase,0.08,1,,,,0.009826,1,results_laplace_all_attacks/Gplus_CaliToUpper_eps2_scale_increase_mr0.08_lambda1.log
Gplus,CaliToUpper,2,scale,increase,0.10,1,,,,0.012078,1,results_laplace_all_attacks/Gplus_CaliToUpper_eps2_scale_increase_mr0.10_lambda1.log
Gplus,CaliToUpper,2,scale,increase,0.13,1,,,,0.015326,1,results_laplace_all_attacks/Gplus_CaliToUpper_eps2_scale_increase_mr0.13_lambda1.log
Gplus,CaliToUpper,2,scale,increase,0.15,1,,,,0.017578,1,results_laplace_all_attacks/Gplus_CaliToUpper_eps2_scale_increase_mr0.15_lambda1.log
Gplus,CaliToUpper,2,scale,increase,0.18,1,,,,0.020876,1,results_laplace_all_attacks/Gplus_CaliToUpper_eps2_scale_increase_mr0.18_lambda1.log
Gplus,CaliToUpper,2,scale,increase,0.20,1,,,,0.023101,1,results_laplace_all_attacks/Gplus_CaliToUpper_eps2_scale_increase_mr0.20_lambda1.log
