dataset,node_num,eps,eps_edge,eps_star,budget_mode,q,m,run,seed,attack_type,malicious_ratio,malicious_count,attack_strength,edge_count_before_attack,edge_count_after_attack,dmax_after_attack,added_edges,removed_edges,rr_forced_reports,selected_pair_count,clean_triangles,true_triangles_after_attack,estimate_triangle,raw_counted_three_times,rel_error_clean,signed_rel_clean,rel_error_attack_true,time_sec
Gplus,10000,1.0000000000,0.5000000000,0.5000000000,simple,0.0500000000,10,0,1776,clean,0.0000000000,0,0.0000000000,879102,879102,3197,0,0,0,49995,32950647,-1,41892897.9355553761,125678693.8066661358,0.2713831669,0.2713831669,nan,14.7591081670
Gplus,10000,1.0000000000,0.5000000000,0.5000000000,simple,0.0500000000,10,0,1776,rr_increase,0.0250000000,250,1.0000000000,879102,879102,3197,0,0,40,49995,32950647,-1,41117116.3774609938,123351349.1323829740,0.2478394241,0.2478394241,nan,12.2087745860
Gplus,10000,1.0000000000,0.5000000000,0.5000000000,simple,0.0500000000,10,0,1776,rr_increase,0.0500000000,500,1.0000000000,879102,879102,3197,0,0,128,49995,32950647,-1,41227365.3912170827,123682096.1736512482,0.2511853073,0.2511853073,nan,5.9709935320
Gplus,10000,1.0000000000,0.5000000000,0.5000000000,simple,0.0500000000,10,0,1776,rr_increase,0.0750000000,750,1.0000000000,879102,879102,3197,0,0,291,49995,32950647,-1,39235096.6539512798,117705289.9618538469,0.1907231034,0.1907231034,nan,12.0287712390
Gplus,10000,1.0000000000,0.5000000000,0.5000000000,simple,0.0500000000,10,0,1776,rr_increase,0.1000000000,1000,1.0000000000,879102,879102,3197,0,0,509,49995,32950647,-1,42410076.4364647642,127230229.3093942851,0.2870787161,0.2870787161,nan,28.4956881340
Gplus,10000,1.0000000000,0.5000000000,0.5000000000,simple,0.0500000000,10,0,1776,rr_increase,0.1250000000,1250,1.0000000000,879102,879102,3197,0,0,782,49995,32950647,-1,44543244.0890332535,133629732.2670997530,0.3518169792,0.3518169792,nan,28.2453578480
Gplus,10000,1.0000000000,0.5000000000,0.5000000000,simple,0.0500000000,10,0,1776,rr_increase,0.1500000000,1500,1.0000000000,879102,879102,3197,0,0,1127,49995,32950647,-1,47173853.0629973933,141521559.1889921725,0.4316517992,0.4316517992,nan,27.3925512920
Gplus,10000,1.0000000000,0.5000000000,0.5000000000,simple,0.0500000000,10,0,1776,rr_increase,0.1750000000,1750,1.0000000000,879102,879102,3197,0,0,1537,49995,32950647,-1,53751322.9830713272,161253968.9492139816,0.6312676040,0.6312676040,nan,28.1102672940
Gplus,10000,1.0000000000,0.5000000000,0.5000000000,simple,0.0500000000,10,0,1776,rr_increase,0.2000000000,2000,1.0000000000,879102,879102,3197,0,0,2007,49995,32950647,-1,53789635.6063089967,161368906.8189269900,0.6324303315,0.6324303315,nan,29.2695733930
Gplus,10000,1.0000000000,0.5000000000,0.5000000000,simple,0.0500000000,10,0,1776,rr_decrease,0.0250000000,250,1.0000000000,879102,879102,3197,0,0,40,49995,32950647,-1,39756120.3224364221,119268360.9673092663,0.2065353473,0.2065353473,nan,29.0874638520
Gplus,10000,1.0000000000,0.5000000000,0.5000000000,simple,0.0500000000,10,0,1776,rr_decrease,0.0500000000,500,1.0000000000,879102,879102,3197,0,0,128,49995,32950647,-1,38478153.3600674421,115434460.0802023262,0.1677510721,0.1677510721,nan,27.8415578260
Gplus,10000,1.0000000000,0.5000000000,0.5000000000,simple,0.0500000000,10,0,1776,rr_decrease,0.0750000000,750,1.0000000000,879102,879102,3197,0,0,291,49995,32950647,-1,34580490.1457674205,103741470.4373022616,0.0494631606,0.0494631606,nan,28.8613298040
Gplus,10000,1.0000000000,0.5000000000,0.5000000000,simple,0.0500000000,10,0,1776,rr_decrease,0.1000000000,1000,1.0000000000,879102,879102,3197,0,0,509,49995,32950647,-1,34135220.4219155610,102405661.2657466829,0.0359499291,0.0359499291,nan,29.2620765880
Gplus,10000,1.0000000000,0.5000000000,0.5000000000,simple,0.0500000000,10,0,1776,rr_decrease,0.1250000000,1250,1.0000000000,879102,879102,3197,0,0,782,49995,32950647,-1,33001997.5424252935,99005992.6272758842,0.0015584077,0.0015584077,nan,28.8556833710
Gplus,10000,1.0000000000,0.5000000000,0.5000000000,simple,0.0500000000,10,0,1776,rr_decrease,0.1500000000,1500,1.0000000000,879102,879102,3197,0,0,1127,49995,32950647,-1,30324721.9017937668,90974165.7053813040,0.0796926718,-0.0796926718,nan,29.0174691700
Gplus,10000,1.0000000000,0.5000000000,0.5000000000,simple,0.0500000000,10,0,1776,rr_decrease,0.1750000000,1750,1.0000000000,879102,879102,3197,0,0,1537,49995,32950647,-1,30233311.1522488147,90699933.4567464441,0.0824668435,-0.0824668435,nan,28.5204535190
Gplus,10000,1.0000000000,0.5000000000,0.5000000000,simple,0.0500000000,10,0,1776,rr_decrease,0.2000000000,2000,1.0000000000,879102,879102,3197,0,0,2007,49995,32950647,-1,24664320.0287844390,73992960.0863533169,0.2514769125,-0.2514769125,nan,29.2345936540
Gplus,10000,1.0000000000,0.5000000000,0.5000000000,simple,0.0500000000,10,1,1777,clean,0.0000000000,0,0.0000000000,879102,879102,3197,0,0,0,49996,32950647,-1,29940200.6970366538,89820602.0911099613,0.0913622820,-0.0913622820,nan,30.6350638440
Gplus,10000,1.0000000000,0.5000000000,0.5000000000,simple,0.0500000000,10,1,1777,rr_increase,0.0250000000,250,1.0000000000,879102,879102,3197,0,0,31,49996,32950647,-1,30689606.0224117637,92068818.0672352910,0.0686190161,-0.0686190161,nan,28.5628491260
Gplus,10000,1.0000000000,0.5000000000,0.5000000000,simple,0.0500000000,10,1,1777,rr_increase,0.0500000000,500,1.0000000000,879102,879102,3197,0,0,132,49996,32950647,-1,30406729.2964000106,91220187.8892000318,0.0772038772,-0.0772038772,nan,29.2319592600
Gplus,10000,1.0000000000,0.5000000000,0.5000000000,simple,0.0500000000,10,1,1777,rr_increase,0.0750000000,750,1.0000000000,879102,879102,3197,0,0,299,49996,32950647,-1,25998734.2279607616,77996202.6838822812,0.2109795529,-0.2109795529,nan,28.6703039580
Gplus,10000,1.0000000000,0.5000000000,0.5000000000,simple,0.0500000000,10,1,1777,rr_increase,0.1000000000,1000,1.0000000000,879102,879102,3197,0,0,495,49996,32950647,-1,25013865.3918994628,75041596.1756983846,0.2408687638,-0.2408687638,nan,37.7458376170
Gplus,10000,1.0000000000,0.5000000000,0.5000000000,simple,0.0500000000,10,1,1777,rr_increase,0.1250000000,1250,1.0000000000,879102,879102,3197,0,0,787,49996,32950647,-1,36089344.1871443465,108268032.5614330322,0.0952544934,0.0952544934,nan,33.4945699680
Gplus,10000,1.0000000000,0.5000000000,0.5000000000,simple,0.0500000000,10,1,1777,rr_increase,0.1500000000,1500,1.0000000000,879102,879102,3197,0,0,1127,49996,32950647,-1,38391045.8632464185,115173137.5897392631,0.1651074974,0.1651074974,nan,28.5579116900
Gplus,10000,1.0000000000,0.5000000000,0.5000000000,simple,0.0500000000,10,1,1777,rr_increase,0.1750000000,1750,1.0000000000,879102,879102,3197,0,0,1515,49996,32950647,-1,34975512.8262988329,104926538.4788964987,0.0614514740,0.0614514740,nan,29.4015844510
Gplus,10000,1.0000000000,0.5000000000,0.5000000000,simple,0.0500000000,10,1,1777,rr_increase,0.2000000000,2000,1.0000000000,879102,879102,3197,0,0,1972,49996,32950647,-1,38598002.9638608098,115794008.8915824294,0.1713883179,0.1713883179,nan,29.5802460800
Gplus,10000,1.0000000000,0.5000000000,0.5000000000,simple,0.0500000000,10,1,1777,rr_decrease,0.0250000000,250,1.0000000000,879102,879102,3197,0,0,31,49996,32950647,-1,30635166.1802107878,91905498.5406323671,0.0702711792,-0.0702711792,nan,28.7070277630
Gplus,10000,1.0000000000,0.5000000000,0.5000000000,simple,0.0500000000,10,1,1777,rr_decrease,0.0500000000,500,1.0000000000,879102,879102,3197,0,0,132,49996,32950647,-1,28691874.2670689486,86075622.8012068421,0.1292470140,-0.1292470140,nan,30.2225606990
Gplus,10000,1.0000000000,0.5000000000,0.5000000000,simple,0.0500000000,10,1,1777,rr_decrease,0.0750000000,750,1.0000000000,879102,879102,3197,0,0,299,49996,32950647,-1,22895663.2225047685,68686989.6675143093,0.3051528481,-0.3051528481,nan,27.2797089900
Gplus,10000,1.0000000000,0.5000000000,0.5000000000,simple,0.0500000000,10,1,1777,rr_decrease,0.1000000000,1000,1.0000000000,879102,879102,3197,0,0,495,49996,32950647,-1,20277599.1204137988,60832797.3612413928,0.3846069511,-0.3846069511,nan,29.9099767350
Gplus,10000,1.0000000000,0.5000000000,0.5000000000,simple,0.0500000000,10,1,1777,rr_decrease,0.1250000000,1250,1.0000000000,879102,879102,3197,0,0,787,49996,32950647,-1,26453492.1175699234,79360476.3527097702,0.1971783705,-0.1971783705,nan,28.1241994620
Gplus,10000,1.0000000000,0.5000000000,0.5000000000,simple,0.0500000000,10,1,1777,rr_decrease,0.1500000000,1500,1.0000000000,879102,879102,3197,0,0,1127,49996,32950647,-1,23855607.9955833592,71566823.9867500812,0.2760200431,-0.2760200431,nan,28.8806213350
Gplus,10000,1.0000000000,0.5000000000,0.5000000000,simple,0.0500000000,10,1,1777,rr_decrease,0.1750000000,1750,1.0000000000,879102,879102,3197,0,0,1515,49996,32950647,-1,17309784.0320790745,51929352.0962372199,0.4746754432,-0.4746754432,nan,28.2460544080
Gplus,10000,1.0000000000,0.5000000000,0.5000000000,simple,0.0500000000,10,1,1777,rr_decrease,0.2000000000,2000,1.0000000000,879102,879102,3197,0,0,1972,49996,32950647,-1,13936754.4468143079,41810263.3404429257,0.5770415541,-0.5770415541,nan,30.4558147410
Gplus,10000,1.0000000000,0.5000000000,0.5000000000,simple,0.0500000000,10,2,1778,clean,0.0000000000,0,0.0000000000,879102,879102,3197,0,0,0,49995,32950647,-1,27914003.4592044018,83742010.3776132017,0.1528541622,-0.1528541622,nan,27.4512304510
Gplus,10000,1.0000000000,0.5000000000,0.5000000000,simple,0.0500000000,10,2,1778,rr_increase,0.0250000000,250,1.0000000000,879102,879102,3197,0,0,37,49995,32950647,-1,28510338.2717325054,85531014.8151975125,0.1347563442,-0.1347563442,nan,26.7898929630
Gplus,10000,1.0000000000,0.5000000000,0.5000000000,simple,0.0500000000,10,2,1778,rr_increase,0.0500000000,500,1.0000000000,879102,879102,3197,0,0,133,49995,32950647,-1,25886105.5304868408,77658316.5914605260,0.2143976557,-0.2143976557,nan,26.9986896390
Gplus,10000,1.0000000000,0.5000000000,0.5000000000,simple,0.0500000000,10,2,1778,rr_increase,0.0750000000,750,1.0000000000,879102,879102,3197,0,0,284,49995,32950647,-1,35289343.2019267306,105868029.6057801992,0.0709757293,0.0709757293,nan,28.5218327770
Gplus,10000,1.0000000000,0.5000000000,0.5000000000,simple,0.0500000000,10,2,1778,rr_increase,0.1000000000,1000,1.0000000000,879102,879102,3197,0,0,496,49995,32950647,-1,37141929.9866006449,111425789.9598019421,0.1271988069,0.1271988069,nan,28.0811519700
Gplus,10000,1.0000000000,0.5000000000,0.5000000000,simple,0.0500000000,10,2,1778,rr_increase,0.1250000000,1250,1.0000000000,879102,879102,3197,0,0,785,49995,32950647,-1,39475070.0257088915,118425210.0771266818,0.1980059155,0.1980059155,nan,27.7027927210
Gplus,10000,1.0000000000,0.5000000000,0.5000000000,simple,0.0500000000,10,2,1778,rr_increase,0.1500000000,1500,1.0000000000,879102,879102,3197,0,0,1158,49995,32950647,-1,37399454.1483791098,112198362.4451373369,0.1350142578,0.1350142578,nan,26.7820663100
Gplus,10000,1.0000000000,0.5000000000,0.5000000000,simple,0.0500000000,10,2,1778,rr_increase,0.1750000000,1750,1.0000000000,879102,879102,3197,0,0,1581,49995,32950647,-1,47466896.9476011917,142400690.8428035676,0.4405452174,0.4405452174,nan,29.2315847050
Gplus,10000,1.0000000000,0.5000000000,0.5000000000,simple,0.0500000000,10,2,1778,rr_increase,0.2000000000,2000,1.0000000000,879102,879102,3197,0,0,2052,49995,32950647,-1,43849441.3268669322,131548323.9806008041,0.3307611631,0.3307611631,nan,28.7949891210
Gplus,10000,1.0000000000,0.5000000000,0.5000000000,simple,0.0500000000,10,2,1778,rr_decrease,0.0250000000,250,1.0000000000,879102,879102,3197,0,0,37,49995,32950647,-1,28347018.7451295406,85041056.2353886217,0.1397128334,-0.1397128334,nan,29.0166153970
Gplus,10000,1.0000000000,0.5000000000,0.5000000000,simple,0.0500000000,10,2,1778,rr_decrease,0.0500000000,500,1.0000000000,879102,879102,3197,0,0,133,49995,32950647,-1,24497889.5543616563,73493668.6630849689,0.2565278140,-0.2565278140,nan,28.4829809430
Gplus,10000,1.0000000000,0.5000000000,0.5000000000,simple,0.0500000000,10,2,1778,rr_decrease,0.0750000000,750,1.0000000000,879102,879102,3197,0,0,284,49995,32950647,-1,32240712.0386715680,96722136.1160147041,0.0215454028,-0.0215454028,nan,29.0084829050
Gplus,10000,1.0000000000,0.5000000000,0.5000000000,simple,0.0500000000,10,2,1778,rr_decrease,0.1000000000,1000,1.0000000000,879102,879102,3197,0,0,496,49995,32950647,-1,32378443.7940146029,97135331.3820438087,0.0173654619,-0.0173654619,nan,29.1094329620
Gplus,10000,1.0000000000,0.5000000000,0.5000000000,simple,0.0500000000,10,2,1778,rr_decrease,0.1250000000,1250,1.0000000000,879102,879102,3197,0,0,785,49995,32950647,-1,32397890.5395814627,97193671.6187443882,0.0167752840,-0.0167752840,nan,29.2212504610
Gplus,10000,1.0000000000,0.5000000000,0.5000000000,simple,0.0500000000,10,2,1778,rr_decrease,0.1500000000,1500,1.0000000000,879102,879102,3197,0,0,1158,49995,32950647,-1,25803767.7595702261,77411303.2787106782,0.2168964767,-0.2168964767,nan,29.8660777500
Gplus,10000,1.0000000000,0.5000000000,0.5000000000,simple,0.0500000000,10,2,1778,rr_decrease,0.1750000000,1750,1.0000000000,879102,879102,3197,0,0,1581,49995,32950647,-1,30644985.7074989714,91934957.1224969178,0.0699731721,-0.0699731721,nan,29.3440794540
Gplus,10000,1.0000000000,0.5000000000,0.5000000000,simple,0.0500000000,10,2,1778,rr_decrease,0.2000000000,2000,1.0000000000,879102,879102,3197,0,0,2052,49995,32950647,-1,22590682.9473819882,67772048.8421459645,0.3144085169,-0.3144085169,nan,29.7442729630
Gplus,10000,1.0000000000,0.5000000000,0.5000000000,simple,0.0500000000,10,3,1779,clean,0.0000000000,0,0.0000000000,879102,879102,3197,0,0,0,49992,32950647,-1,26426728.3111814745,79280184.9335444272,0.1979906097,-0.1979906097,nan,28.6391023890
Gplus,10000,1.0000000000,0.5000000000,0.5000000000,simple,0.0500000000,10,3,1779,rr_increase,0.0250000000,250,1.0000000000,879102,879102,3197,0,0,27,49992,32950647,-1,26959425.5496985577,80878276.6490956694,0.1818240914,-0.1818240914,nan,28.2790205250
Gplus,10000,1.0000000000,0.5000000000,0.5000000000,simple,0.0500000000,10,3,1779,rr_increase,0.0500000000,500,1.0000000000,879102,879102,3197,0,0,137,49992,32950647,-1,23996589.7512682229,71989769.2538046688,0.2717414699,-0.2717414699,nan,29.7943863260
Gplus,10000,1.0000000000,0.5000000000,0.5000000000,simple,0.0500000000,10,3,1779,rr_increase,0.0750000000,750,1.0000000000,879102,879102,3197,0,0,302,49992,32950647,-1,22563684.9191860259,67691054.7575580776,0.3152278643,-0.3152278643,nan,29.2518355570
Gplus,10000,1.0000000000,0.5000000000,0.5000000000,simple,0.0500000000,10,3,1779,rr_increase,0.1000000000,1000,1.0000000000,879102,879102,3197,0,0,508,49992,32950647,-1,28788222.3937190436,86364667.1811571270,0.1263230008,-0.1263230008,nan,29.3071154800
Gplus,10000,1.0000000000,0.5000000000,0.5000000000,simple,0.0500000000,10,3,1779,rr_increase,0.1250000000,1250,1.0000000000,879102,879102,3197,0,0,785,49992,32950647,-1,27474736.6937414706,82424210.0812244117,0.1661852135,-0.1661852135,nan,29.9602389150
Gplus,10000,1.0000000000,0.5000000000,0.5000000000,simple,0.0500000000,10,3,1779,rr_increase,0.1500000000,1500,1.0000000000,879102,879102,3197,0,0,1143,49992,32950647,-1,29904820.0267331935,89714460.0801995844,0.0924360294,-0.0924360294,nan,29.9930777980
Gplus,10000,1.0000000000,0.5000000000,0.5000000000,simple,0.0500000000,10,3,1779,rr_increase,0.1750000000,1750,1.0000000000,879102,879102,3197,0,0,1516,49992,32950647,-1,39053797.8360759094,117161393.5082277358,0.1852209711,0.1852209711,nan,34.3528966540
Gplus,10000,1.0000000000,0.5000000000,0.5000000000,simple,0.0500000000,10,3,1779,rr_increase,0.2000000000,2000,1.0000000000,879102,879102,3197,0,0,1992,49992,32950647,-1,42492069.5317315161,127476208.5951945484,0.2895670768,0.2895670768,nan,29.5939999840
Gplus,10000,1.0000000000,0.5000000000,0.5000000000,simple,0.0500000000,10,3,1779,rr_decrease,0.0250000000,250,1.0000000000,879102,879102,3197,0,0,27,49992,32950647,-1,26714446.2597941160,80143338.7793823481,0.1892588252,-0.1892588252,nan,30.1148016540
Gplus,10000,1.0000000000,0.5000000000,0.5000000000,simple,0.0500000000,10,3,1779,rr_decrease,0.0500000000,500,1.0000000000,879102,879102,3197,0,0,137,49992,32950647,-1,22200074.9586358406,66600224.8759075180,0.3262628513,-0.3262628513,nan,30.2222389970
Gplus,10000,1.0000000000,0.5000000000,0.5000000000,simple,0.0500000000,10,3,1779,rr_decrease,0.0750000000,750,1.0000000000,879102,879102,3197,0,0,302,49992,32950647,-1,19297294.3871270306,57891883.1613810956,0.4143576487,-0.4143576487,nan,28.4484194570
Gplus,10000,1.0000000000,0.5000000000,0.5000000000,simple,0.0500000000,10,3,1779,rr_decrease,0.1000000000,1000,1.0000000000,879102,879102,3197,0,0,508,49992,32950647,-1,23262578.4103184231,69787735.2309552729,0.2940175527,-0.2940175527,nan,29.4972452140
Gplus,10000,1.0000000000,0.5000000000,0.5000000000,simple,0.0500000000,10,3,1779,rr_decrease,0.1250000000,1250,1.0000000000,879102,879102,3197,0,0,785,49992,32950647,-1,20098138.0755081438,60294414.2265244275,0.3900533099,-0.3900533099,nan,29.6612375150
Gplus,10000,1.0000000000,0.5000000000,0.5000000000,simple,0.0500000000,10,3,1779,rr_decrease,0.1500000000,1500,1.0000000000,879102,879102,3197,0,0,1143,49992,32950647,-1,16322079.3975877110,48966238.1927631348,0.5046507160,-0.5046507160,nan,31.0941263820
Gplus,10000,1.0000000000,0.5000000000,0.5000000000,simple,0.0500000000,10,3,1779,rr_decrease,0.1750000000,1750,1.0000000000,879102,879102,3197,0,0,1516,49992,32950647,-1,21741928.0161626264,65225784.0484878793,0.3401668861,-0.3401668861,nan,30.1415370620
Gplus,10000,1.0000000000,0.5000000000,0.5000000000,simple,0.0500000000,10,3,1779,rr_decrease,0.2000000000,2000,1.0000000000,879102,879102,3197,0,0,1992,49992,32950647,-1,17504181.9614799283,52512545.8844397888,0.4687757736,-0.4687757736,nan,30.0325255840
Gplus,10000,1.0000000000,0.5000000000,0.5000000000,simple,0.0500000000,10,4,1780,clean,0.0000000000,0,0.0000000000,879102,879102,3197,0,0,0,49993,32950647,-1,25696188.8634781986,77088566.5904345959,0.2201613260,-0.2201613260,nan,30.0653008540
Gplus,10000,1.0000000000,0.5000000000,0.5000000000,simple,0.0500000000,10,4,1780,rr_increase,0.0250000000,250,1.0000000000,879102,879102,3197,0,0,33,49993,32950647,-1,24686368.3509730399,74059105.0529191196,0.2508077808,-0.2508077808,nan,29.6822113320
Gplus,10000,1.0000000000,0.5000000000,0.5000000000,simple,0.0500000000,10,4,1780,rr_increase,0.0500000000,500,1.0000000000,879102,879102,3197,0,0,126,49993,32950647,-1,37264212.5305967256,111792637.5917901844,0.1309098887,0.1309098887,nan,30.0060375850
Gplus,10000,1.0000000000,0.5000000000,0.5000000000,simple,0.0500000000,10,4,1780,rr_increase,0.0750000000,750,1.0000000000,879102,879102,3197,0,0,289,49993,32950647,-1,33157116.3774609379,99471349.1323828101,0.0062660189,0.0062660189,nan,30.0520870230
Gplus,10000,1.0000000000,0.5000000000,0.5000000000,simple,0.0500000000,10,4,1780,rr_increase,0.1000000000,1000,1.0000000000,879102,879102,3197,0,0,517,49993,32950647,-1,34993022.6887378469,104979068.0662135482,0.0619828706,0.0619828706,nan,30.3735475130
Gplus,10000,1.0000000000,0.5000000000,0.5000000000,simple,0.0500000000,10,4,1780,rr_increase,0.1250000000,1250,1.0000000000,879102,879102,3197,0,0,792,49993,32950647,-1,31830269.7306898087,95490809.1920694262,0.0340016774,-0.0340016774,nan,29.3552924940
Gplus,10000,1.0000000000,0.5000000000,0.5000000000,simple,0.0500000000,10,4,1780,rr_increase,0.1500000000,1500,1.0000000000,879102,879102,3197,0,0,1146,49993,32950647,-1,41313314.1079031080,123939942.3237093240,0.2537937148,0.2537937148,nan,31.1929979450
Gplus,10000,1.0000000000,0.5000000000,0.5000000000,simple,0.0500000000,10,4,1780,rr_increase,0.1750000000,1750,1.0000000000,879102,879102,3197,0,0,1521,49993,32950647,-1,41394157.7962844595,124182473.3888533711,0.2562471928,0.2562471928,nan,30.0471744040
Gplus,10000,1.0000000000,0.5000000000,0.5000000000,simple,0.0500000000,10,4,1780,rr_increase,0.2000000000,2000,1.0000000000,879102,879102,3197,0,0,1982,49993,32950647,-1,46162014.7974195108,138486044.3922585249,0.4009441088,0.4009441088,nan,29.9277681650
Gplus,10000,1.0000000000,0.5000000000,0.5000000000,simple,0.0500000000,10,4,1780,rr_decrease,0.0250000000,250,1.0000000000,879102,879102,3197,0,0,33,49993,32950647,-1,24386949.2188675888,73160847.6566027701,0.2598946777,-0.2598946777,nan,30.2143450130
Gplus,10000,1.0000000000,0.5000000000,0.5000000000,simple,0.0500000000,10,4,1780,rr_decrease,0.0500000000,500,1.0000000000,879102,879102,3197,0,0,126,49993,32950647,-1,35875996.5544717014,107627989.6634151042,0.0887797303,0.0887797303,nan,28.8106238820
Gplus,10000,1.0000000000,0.5000000000,0.5000000000,simple,0.0500000000,10,4,1780,rr_decrease,0.0750000000,750,1.0000000000,879102,879102,3197,0,0,289,49993,32950647,-1,30380684.4252107851,91142053.2756323516,0.0779942978,-0.0779942978,nan,30.0707828360
Gplus,10000,1.0000000000,0.5000000000,0.5000000000,simple,0.0500000000,10,4,1780,rr_decrease,0.1000000000,1000,1.0000000000,879102,879102,3197,0,0,517,49993,32950647,-1,30964474.3658650033,92893423.0975950062,0.0602771968,-0.0602771968,nan,29.1421654940
Gplus,10000,1.0000000000,0.5000000000,0.5000000000,simple,0.0500000000,10,4,1780,rr_decrease,0.1250000000,1250,1.0000000000,879102,879102,3197,0,0,792,49993,32950647,-1,23773173.0849430971,71319519.2548292875,0.2785218122,-0.2785218122,nan,29.2054012980
Gplus,10000,1.0000000000,0.5000000000,0.5000000000,simple,0.0500000000,10,4,1780,rr_decrease,0.1500000000,1500,1.0000000000,879102,879102,3197,0,0,1146,49993,32950647,-1,28519951.1906717010,85559853.5720151067,0.1344646073,-0.1344646073,nan,30.1691479500
Gplus,10000,1.0000000000,0.5000000000,0.5000000000,simple,0.0500000000,10,4,1780,rr_decrease,0.1750000000,1750,1.0000000000,879102,879102,3197,0,0,1521,49993,32950647,-1,23810088.7653663494,71430266.2960990518,0.2774014797,-0.2774014797,nan,30.5296787470
Gplus,10000,1.0000000000,0.5000000000,0.5000000000,simple,0.0500000000,10,4,1780,rr_decrease,0.2000000000,2000,1.0000000000,879102,879102,3197,0,0,1982,49993,32950647,-1,20656948.7262579612,61970846.1787738875,0.3730942908,-0.3730942908,nan,30.7286248360
Gplus,10000,6.0000000000,3.0000000000,3.0000000000,simple,0.0500000000,10,0,1776,clean,0.0000000000,0,0.0000000000,879102,879102,3197,0,0,0,49995,32950647,-1,38042562.5622990057,114127687.6868970096,0.1545315806,0.1545315806,nan,29.2699999170
Gplus,10000,6.0000000000,3.0000000000,3.0000000000,simple,0.0500000000,10,0,1776,rr_increase,0.0250000000,250,1.0000000000,879102,879102,3197,0,0,40,49995,32950647,-1,38119678.4898194894,114359035.4694584608,0.1568719270,0.1568719270,nan,29.5830555690
Gplus,10000,6.0000000000,3.0000000000,3.0000000000,simple,0.0500000000,10,0,1776,rr_increase,0.0500000000,500,1.0000000000,879102,879102,3197,0,0,128,49995,32950647,-1,38143022.1440300345,114429066.4320901036,0.1575803699,0.1575803699,nan,29.0900786020
Gplus,10000,6.0000000000,3.0000000000,3.0000000000,simple,0.0500000000,10,0,1776,rr_increase,0.0750000000,750,1.0000000000,879102,879102,3197,0,0,291,49995,32950647,-1,39250357.5415387973,117751072.6246163994,0.1911862472,0.1911862472,nan,29.7091679830
Gplus,10000,6.0000000000,3.0000000000,3.0000000000,simple,0.0500000000,10,0,1776,rr_increase,0.1000000000,1000,1.0000000000,879102,879102,3197,0,0,509,49995,32950647,-1,39538412.1900885180,118615236.5702655464,0.1999282500,0.1999282500,nan,29.2598247850
Gplus,10000,6.0000000000,3.0000000000,3.0000000000,simple,0.0500000000,10,0,1776,rr_increase,0.1250000000,1250,1.0000000000,879102,879102,3197,0,0,782,49995,32950647,-1,40501776.4860535786,121505329.4581607431,0.2291648321,0.2291648321,nan,30.4513157080
Gplus,10000,6.0000000000,3.0000000000,3.0000000000,simple,0.0500000000,10,0,1776,rr_increase,0.1500000000,1500,1.0000000000,879102,879102,3197,0,0,1127,49995,32950647,-1,41449052.1266734675,124347156.3800204098,0.2579131489,0.2579131489,nan,29.9683508610
Gplus,10000,6.0000000000,3.0000000000,3.0000000000,simple,0.0500000000,10,0,1776,rr_increase,0.1750000000,1750,1.0000000000,879102,879102,3197,0,0,1537,49995,32950647,-1,42155210.8597848192,126465632.5793544650,0.2793439491,0.2793439491,nan,29.2816750580
Gplus,10000,6.0000000000,3.0000000000,3.0000000000,simple,0.0500000000,10,0,1776,rr_increase,0.2000000000,2000,1.0000000000,879102,879102,3197,0,0,2007,49995,32950647,-1,42619393.2788140848,127858179.8364422470,0.2934311511,0.2934311511,nan,29.8014826610
Gplus,10000,6.0000000000,3.0000000000,3.0000000000,simple,0.0500000000,10,0,1776,rr_decrease,0.0250000000,250,1.0000000000,879102,879102,3197,0,0,40,49995,32950647,-1,37744049.4162054434,113232148.2486163378,0.1454721789,0.1454721789,nan,29.8412413860
Gplus,10000,6.0000000000,3.0000000000,3.0000000000,simple,0.0500000000,10,0,1776,rr_decrease,0.0500000000,500,1.0000000000,879102,879102,3197,0,0,128,49995,32950647,-1,37413859.8246615604,112241579.4739846736,0.1354514473,0.1354514473,nan,28.9918083390
Gplus,10000,6.0000000000,3.0000000000,3.0000000000,simple,0.0500000000,10,0,1776,rr_decrease,0.0750000000,750,1.0000000000,879102,879102,3197,0,0,291,49995,32950647,-1,38005625.9054451436,114016877.7163354307,0.1534106115,0.1534106115,nan,29.9922424560
Gplus,10000,6.0000000000,3.0000000000,3.0000000000,simple,0.0500000000,10,0,1776,rr_decrease,0.1000000000,1000,1.0000000000,879102,879102,3197,0,0,509,49995,32950647,-1,37336194.6800766811,112008584.0402300358,0.1330944330,0.1330944330,nan,30.9360449900
Gplus,10000,6.0000000000,3.0000000000,3.0000000000,simple,0.0500000000,10,0,1776,rr_decrease,0.1250000000,1250,1.0000000000,879102,879102,3197,0,0,782,49995,32950647,-1,37305246.7223574519,111915740.1670723557,0.1321552115,0.1321552115,nan,29.8608676040
Gplus,10000,6.0000000000,3.0000000000,3.0000000000,simple,0.0500000000,10,0,1776,rr_decrease,0.1500000000,1500,1.0000000000,879102,879102,3197,0,0,1127,49995,32950647,-1,36845754.6559128761,110537263.9677386284,0.1182103543,0.1182103543,nan,30.5913026300
Gplus,10000,6.0000000000,3.0000000000,3.0000000000,simple,0.0500000000,10,0,1776,rr_decrease,0.1750000000,1750,1.0000000000,879102,879102,3197,0,0,1537,49995,32950647,-1,35740055.5045328364,107220166.5135985017,0.0846541345,0.0846541345,nan,29.4243511410
Gplus,10000,6.0000000000,3.0000000000,3.0000000000,simple,0.0500000000,10,0,1776,rr_decrease,0.2000000000,2000,1.0000000000,879102,879102,3197,0,0,2007,49995,32950647,-1,34664895.2493398488,103994685.7480195463,0.0520247220,0.0520247220,nan,30.0526374430
Gplus,10000,6.0000000000,3.0000000000,3.0000000000,simple,0.0500000000,10,1,1777,clean,0.0000000000,0,0.0000000000,879102,879102,3197,0,0,0,49996,32950647,-1,30217435.4381124489,90652306.3143373430,0.0829486463,-0.0829486463,nan,30.1057149680
Gplus,10000,6.0000000000,3.0000000000,3.0000000000,simple,0.0500000000,10,1,1777,rr_increase,0.0250000000,250,1.0000000000,879102,879102,3197,0,0,31,49996,32950647,-1,30479761.0568376370,91439283.1705129147,0.0749874788,-0.0749874788,nan,29.6144427590
Gplus,10000,6.0000000000,3.0000000000,3.0000000000,simple,0.0500000000,10,1,1777,rr_increase,0.0500000000,500,1.0000000000,879102,879102,3197,0,0,132,49996,32950647,-1,29739701.2999487929,89219103.8998463750,0.0974471214,-0.0974471214,nan,30.6738211230
Gplus,10000,6.0000000000,3.0000000000,3.0000000000,simple,0.0500000000,10,1,1777,rr_increase,0.0750000000,750,1.0000000000,879102,879102,3197,0,0,299,49996,32950647,-1,30186358.7299254388,90559076.1897763163,0.0838917752,-0.0838917752,nan,29.7154523930
Gplus,10000,6.0000000000,3.0000000000,3.0000000000,simple,0.0500000000,10,1,1777,rr_increase,0.1000000000,1000,1.0000000000,879102,879102,3197,0,0,495,49996,32950647,-1,30011019.2040657438,90033057.6121972352,0.0892130524,-0.0892130524,nan,29.9145429070
Gplus,10000,6.0000000000,3.0000000000,3.0000000000,simple,0.0500000000,10,1,1777,rr_increase,0.1250000000,1250,1.0000000000,879102,879102,3197,0,0,787,49996,32950647,-1,31535431.4139606021,94606294.2418818027,0.0429495538,-0.0429495538,nan,30.5487962720
Gplus,10000,6.0000000000,3.0000000000,3.0000000000,simple,0.0500000000,10,1,1777,rr_increase,0.1500000000,1500,1.0000000000,879102,879102,3197,0,0,1127,49996,32950647,-1,32115741.6034694426,96347224.8104083240,0.0253380577,-0.0253380577,nan,29.6033401600
Gplus,10000,6.0000000000,3.0000000000,3.0000000000,simple,0.0500000000,10,1,1777,rr_increase,0.1750000000,1750,1.0000000000,879102,879102,3197,0,0,1515,49996,32950647,-1,31735252.1432939917,95205756.4298819751,0.0368853108,-0.0368853108,nan,29.3058516790
Gplus,10000,6.0000000000,3.0000000000,3.0000000000,simple,0.0500000000,10,1,1777,rr_increase,0.2000000000,2000,1.0000000000,879102,879102,3197,0,0,1972,49996,32950647,-1,33677189.3422415331,101031568.0267246068,0.0220494105,0.0220494105,nan,28.6778741220
Gplus,10000,6.0000000000,3.0000000000,3.0000000000,simple,0.0500000000,10,1,1777,rr_decrease,0.0250000000,250,1.0000000000,879102,879102,3197,0,0,31,49996,32950647,-1,30450299.9530247711,91350899.8590743095,0.0758815767,-0.0758815767,nan,28.9220002910
Gplus,10000,6.0000000000,3.0000000000,3.0000000000,simple,0.0500000000,10,1,1777,rr_decrease,0.0500000000,500,1.0000000000,879102,879102,3197,0,0,132,49996,32950647,-1,29290419.4668026082,87871258.4004078209,0.1110821142,-0.1110821142,nan,29.3302397430
Gplus,10000,6.0000000000,3.0000000000,3.0000000000,simple,0.0500000000,10,1,1777,rr_decrease,0.0750000000,750,1.0000000000,879102,879102,3197,0,0,299,49996,32950647,-1,29354082.5472119786,88062247.6416359395,0.1091500404,-0.1091500404,nan,30.7635470030
Gplus,10000,6.0000000000,3.0000000000,3.0000000000,simple,0.0500000000,10,1,1777,rr_decrease,0.1000000000,1000,1.0000000000,879102,879102,3197,0,0,495,49996,32950647,-1,28685269.5324867480,86055808.5974602401,0.1294474572,-0.1294474572,nan,29.8579885190
Gplus,10000,6.0000000000,3.0000000000,3.0000000000,simple,0.0500000000,10,1,1777,rr_decrease,0.1250000000,1250,1.0000000000,879102,879102,3197,0,0,787,49996,32950647,-1,28920758.4505686462,86762275.3517059386,0.1223007411,-0.1223007411,nan,30.7723675090
Gplus,10000,6.0000000000,3.0000000000,3.0000000000,simple,0.0500000000,10,1,1777,rr_decrease,0.1500000000,1500,1.0000000000,879102,879102,3197,0,0,1127,49996,32950647,-1,28123762.0368259698,84371286.1104779094,0.1464883213,-0.1464883213,nan,29.6639270590
Gplus,10000,6.0000000000,3.0000000000,3.0000000000,simple,0.0500000000,10,1,1777,rr_decrease,0.1750000000,1750,1.0000000000,879102,879102,3197,0,0,1515,49996,32950647,-1,26940457.4977498688,80821372.4932496101,0.1823997417,-0.1823997417,nan,30.2128678360
Gplus,10000,6.0000000000,3.0000000000,3.0000000000,simple,0.0500000000,10,1,1777,rr_decrease,0.2000000000,2000,1.0000000000,879102,879102,3197,0,0,1972,49996,32950647,-1,26989518.7767207436,80968556.3301622272,0.1809108095,-0.1809108095,nan,29.0770887770
Gplus,10000,6.0000000000,3.0000000000,3.0000000000,simple,0.0500000000,10,2,1778,clean,0.0000000000,0,0.0000000000,879102,879102,3197,0,0,0,49995,32950647,-1,29451492.9224278592,88354478.7672835737,0.1061937897,-0.1061937897,nan,29.0422353040
Gplus,10000,6.0000000000,3.0000000000,3.0000000000,simple,0.0500000000,10,2,1778,rr_increase,0.0250000000,250,1.0000000000,879102,879102,3197,0,0,37,49995,32950647,-1,29575944.2474571206,88727832.7423713654,0.1024168889,-0.1024168889,nan,29.9596733070
Gplus,10000,6.0000000000,3.0000000000,3.0000000000,simple,0.0500000000,10,2,1778,rr_increase,0.0500000000,500,1.0000000000,879102,879102,3197,0,0,133,49995,32950647,-1,29175624.8212582953,87526874.4637748897,0.1145659501,-0.1145659501,nan,30.1195841750
Gplus,10000,6.0000000000,3.0000000000,3.0000000000,simple,0.0500000000,10,2,1778,rr_increase,0.0750000000,750,1.0000000000,879102,879102,3197,0,0,284,49995,32950647,-1,31894009.2168840580,95682027.6506521702,0.0320672848,-0.0320672848,nan,30.2129191070
Gplus,10000,6.0000000000,3.0000000000,3.0000000000,simple,0.0500000000,10,2,1778,rr_increase,0.1000000000,1000,1.0000000000,879102,879102,3197,0,0,496,49995,32950647,-1,31697442.5064279288,95092327.5192837864,0.0380327735,-0.0380327735,nan,30.9865527910
Gplus,10000,6.0000000000,3.0000000000,3.0000000000,simple,0.0500000000,10,2,1778,rr_increase,0.1250000000,1250,1.0000000000,879102,879102,3197,0,0,785,49995,32950647,-1,32936495.6328958534,98809486.8986875564,0.0004294716,-0.0004294716,nan,29.9303577360
Gplus,10000,6.0000000000,3.0000000000,3.0000000000,simple,0.0500000000,10,2,1778,rr_increase,0.1500000000,1500,1.0000000000,879102,879102,3197,0,0,1158,49995,32950647,-1,33934949.0221004710,101804847.0663014203,0.0298720090,0.0298720090,nan,29.1978591020
Gplus,10000,6.0000000000,3.0000000000,3.0000000000,simple,0.0500000000,10,2,1778,rr_increase,0.1750000000,1750,1.0000000000,879102,879102,3197,0,0,1581,49995,32950647,-1,34793652.8439252600,104380958.5317757726,0.0559323113,0.0559323113,nan,29.7008354410
Gplus,10000,6.0000000000,3.0000000000,3.0000000000,simple,0.0500000000,10,2,1778,rr_increase,0.2000000000,2000,1.0000000000,879102,879102,3197,0,0,2052,49995,32950647,-1,34659361.2319955230,103978083.6959865689,0.0518567733,0.0518567733,nan,30.0923293610
Gplus,10000,6.0000000000,3.0000000000,3.0000000000,simple,0.0500000000,10,2,1778,rr_decrease,0.0250000000,250,1.0000000000,879102,879102,3197,0,0,37,49995,32950647,-1,29524387.3157846034,88573161.9473538101,0.1039815602,-0.1039815602,nan,29.9687638910
Gplus,10000,6.0000000000,3.0000000000,3.0000000000,simple,0.0500000000,10,2,1778,rr_decrease,0.0500000000,500,1.0000000000,879102,879102,3197,0,0,133,49995,32950647,-1,28829456.8514571004,86488370.5543712974,0.1250716002,-0.1250716002,nan,29.6117388040
Gplus,10000,6.0000000000,3.0000000000,3.0000000000,simple,0.0500000000,10,2,1778,rr_decrease,0.0750000000,750,1.0000000000,879102,879102,3197,0,0,284,49995,32950647,-1,31105924.6898898631,93317774.0696695894,0.0559844033,-0.0559844033,nan,30.4920937400
Gplus,10000,6.0000000000,3.0000000000,3.0000000000,simple,0.0500000000,10,2,1778,rr_decrease,0.1000000000,1000,1.0000000000,879102,879102,3197,0,0,496,49995,32950647,-1,30474806.6981939860,91424420.0945819616,0.0751378357,-0.0751378357,nan,30.0599082960
Gplus,10000,6.0000000000,3.0000000000,3.0000000000,simple,0.0500000000,10,2,1778,rr_decrease,0.1250000000,1250,1.0000000000,879102,879102,3197,0,0,785,49995,32950647,-1,31014158.6091062762,93042475.8273188323,0.0587693586,-0.0587693586,nan,29.9704750830
Gplus,10000,6.0000000000,3.0000000000,3.0000000000,simple,0.0500000000,10,2,1778,rr_decrease,0.1500000000,1500,1.0000000000,879102,879102,3197,0,0,1158,49995,32950647,-1,30782610.9141236953,92347832.7423710823,0.0657964648,-0.0657964648,nan,29.1698927760
Gplus,10000,6.0000000000,3.0000000000,3.0000000000,simple,0.0500000000,10,2,1778,rr_decrease,0.1750000000,1750,1.0000000000,879102,879102,3197,0,0,1581,49995,32950647,-1,30249277.5807904936,90747832.7423714846,0.0819822876,-0.0819822876,nan,28.7009258300
Gplus,10000,6.0000000000,3.0000000000,3.0000000000,simple,0.0500000000,10,2,1778,rr_decrease,0.2000000000,2000,1.0000000000,879102,879102,3197,0,0,2052,49995,32950647,-1,28892350.1606267430,86677050.4818802327,0.1231628878,-0.1231628878,nan,30.0228363460
Gplus,10000,6.0000000000,3.0000000000,3.0000000000,simple,0.0500000000,10,3,1779,clean,0.0000000000,0,0.0000000000,879102,879102,3197,0,0,0,49992,32950647,-1,28286933.4886853248,84860800.4660559744,0.1415363259,-0.1415363259,nan,29.4614843850
Gplus,10000,6.0000000000,3.0000000000,3.0000000000,simple,0.0500000000,10,3,1779,rr_increase,0.0250000000,250,1.0000000000,879102,879102,3197,0,0,27,49992,32950647,-1,28355257.0432350338,85065771.1297051013,0.1394628141,-0.1394628141,nan,31.1682896120
Gplus,10000,6.0000000000,3.0000000000,3.0000000000,simple,0.0500000000,10,3,1779,rr_increase,0.0500000000,500,1.0000000000,879102,879102,3197,0,0,137,49992,32950647,-1,28334758.3463695832,85004275.0391087532,0.1400849171,-0.1400849171,nan,30.1044554970
Gplus,10000,6.0000000000,3.0000000000,3.0000000000,simple,0.0500000000,10,3,1779,rr_increase,0.0750000000,750,1.0000000000,879102,879102,3197,0,0,302,49992,32950647,-1,28344658.3901591003,85033975.1704773009,0.1397844664,-0.1397844664,nan,29.4663413700
Gplus,10000,6.0000000000,3.0000000000,3.0000000000,simple,0.0500000000,10,3,1779,rr_increase,0.1000000000,1000,1.0000000000,879102,879102,3197,0,0,508,49992,32950647,-1,29706335.9197964855,89119007.7593894601,0.0984597079,-0.0984597079,nan,29.6274327220
Gplus,10000,6.0000000000,3.0000000000,3.0000000000,simple,0.0500000000,10,3,1779,rr_increase,0.1250000000,1250,1.0000000000,879102,879102,3197,0,0,785,49992,32950647,-1,28761834.0745684244,86285502.2237052768,0.1271238445,-0.1271238445,nan,29.2187667810
Gplus,10000,6.0000000000,3.0000000000,3.0000000000,simple,0.0500000000,10,3,1779,rr_increase,0.1500000000,1500,1.0000000000,879102,879102,3197,0,0,1143,49992,32950647,-1,30505428.1613988429,91516284.4841965288,0.0742085228,-0.0742085228,nan,29.3277943430
Gplus,10000,6.0000000000,3.0000000000,3.0000000000,simple,0.0500000000,10,3,1779,rr_increase,0.1750000000,1750,1.0000000000,879102,879102,3197,0,0,1516,49992,32950647,-1,32686308.2097264975,98058924.6291794926,0.0080222640,-0.0080222640,nan,29.0637721700
Gplus,10000,6.0000000000,3.0000000000,3.0000000000,simple,0.0500000000,10,3,1779,rr_increase,0.2000000000,2000,1.0000000000,879102,879102,3197,0,0,1992,49992,32950647,-1,34543575.6978436336,103630727.0935309082,0.0483428656,0.0483428656,nan,29.8460411460
Gplus,10000,6.0000000000,3.0000000000,3.0000000000,simple,0.0500000000,10,3,1779,rr_decrease,0.0250000000,250,1.0000000000,879102,879102,3197,0,0,27,49992,32950647,-1,28281604.2837028652,84844812.8511085957,0.1416980588,-0.1416980588,nan,30.1707207740
Gplus,10000,6.0000000000,3.0000000000,3.0000000000,simple,0.0500000000,10,3,1779,rr_decrease,0.0500000000,500,1.0000000000,879102,879102,3197,0,0,137,49992,32950647,-1,27819189.0296444409,83457567.0889333189,0.1557316301,-0.1557316301,nan,30.2366242490
Gplus,10000,6.0000000000,3.0000000000,3.0000000000,simple,0.0500000000,10,3,1779,rr_decrease,0.0750000000,750,1.0000000000,879102,879102,3197,0,0,302,49992,32950647,-1,27438729.4479134679,82316188.3437404037,0.1672779764,-0.1672779764,nan,30.2783145860
Gplus,10000,6.0000000000,3.0000000000,3.0000000000,simple,0.0500000000,10,3,1779,rr_decrease,0.1000000000,1000,1.0000000000,879102,879102,3197,0,0,508,49992,32950647,-1,28159627.9696209580,84478883.9088628739,0.1453998469,-0.1453998469,nan,30.2323079620
Gplus,10000,6.0000000000,3.0000000000,3.0000000000,simple,0.0500000000,10,3,1779,rr_decrease,0.1250000000,1250,1.0000000000,879102,879102,3197,0,0,785,49992,32950647,-1,26751113.7393402569,80253341.2180207670,0.1881460252,-0.1881460252,nan,30.5322254440
Gplus,10000,6.0000000000,3.0000000000,3.0000000000,simple,0.0500000000,10,3,1779,rr_decrease,0.1500000000,1500,1.0000000000,879102,879102,3197,0,0,1143,49992,32950647,-1,26977460.9798080921,80932382.9394242764,0.1812767446,-0.1812767446,nan,28.2770830280
Gplus,10000,6.0000000000,3.0000000000,3.0000000000,simple,0.0500000000,10,3,1779,rr_decrease,0.1750000000,1750,1.0000000000,879102,879102,3197,0,0,1516,49992,32950647,-1,28134567.6706385911,84403703.0119157732,0.1461603874,-0.1461603874,nan,29.1738274690
Gplus,10000,6.0000000000,3.0000000000,3.0000000000,simple,0.0500000000,10,3,1779,rr_decrease,0.2000000000,2000,1.0000000000,879102,879102,3197,0,0,1992,49992,32950647,-1,28076863.4109192677,84230590.2327578068,0.1479116203,-0.1479116203,nan,30.8084903010
Gplus,10000,6.0000000000,3.0000000000,3.0000000000,simple,0.0500000000,10,4,1780,clean,0.0000000000,0,0.0000000000,879102,879102,3197,0,0,0,49993,32950647,-1,35242628.8243111074,105727886.4729333222,0.0695580219,0.0695580219,nan,29.7543969920
Gplus,10000,6.0000000000,3.0000000000,3.0000000000,simple,0.0500000000,10,4,1780,rr_increase,0.0250000000,250,1.0000000000,879102,879102,3197,0,0,33,49993,32950647,-1,36168946.1863345057,108506838.5590035170,0.0976702881,0.0976702881,nan,29.8668477750
Gplus,10000,6.0000000000,3.0000000000,3.0000000000,simple,0.0500000000,10,4,1780,rr_increase,0.0500000000,500,1.0000000000,879102,879102,3197,0,0,126,49993,32950647,-1,36528187.8201591447,109584563.4604774266,0.1085727033,0.1085727033,nan,29.8249536100
Gplus,10000,6.0000000000,3.0000000000,3.0000000000,simple,0.0500000000,10,4,1780,rr_increase,0.0750000000,750,1.0000000000,879102,879102,3197,0,0,289,49993,32950647,-1,36769146.0987555981,110307438.2962667942,0.1158854058,0.1158854058,nan,29.7146076860
Gplus,10000,6.0000000000,3.0000000000,3.0000000000,simple,0.0500000000,10,4,1780,rr_increase,0.1000000000,1000,1.0000000000,879102,879102,3197,0,0,517,49993,32950647,-1,37152839.0576095134,111458517.1728285402,0.1275298800,0.1275298800,nan,30.1583874100
Gplus,10000,6.0000000000,3.0000000000,3.0000000000,simple,0.0500000000,10,4,1780,rr_increase,0.1250000000,1250,1.0000000000,879102,879102,3197,0,0,792,49993,32950647,-1,37323058.5275977626,111969175.5827932954,0.1326957716,0.1326957716,nan,29.2208008120
Gplus,10000,6.0000000000,3.0000000000,3.0000000000,simple,0.0500000000,10,4,1780,rr_increase,0.1500000000,1500,1.0000000000,879102,879102,3197,0,0,1146,49993,32950647,-1,36938836.9934339449,110816510.9803018272,0.1210352560,0.1210352560,nan,28.7182880310
Gplus,10000,6.0000000000,3.0000000000,3.0000000000,simple,0.0500000000,10,4,1780,rr_increase,0.1750000000,1750,1.0000000000,879102,879102,3197,0,0,1521,49993,32950647,-1,38491722.1501007602,115475166.4503022879,0.1681628634,0.1681628634,nan,29.8627232120
Gplus,10000,6.0000000000,3.0000000000,3.0000000000,simple,0.0500000000,10,4,1780,rr_increase,0.2000000000,2000,1.0000000000,879102,879102,3197,0,0,1982,49993,32950647,-1,39234118.9307793006,117702356.7923378944,0.1906934310,0.1906934310,nan,29.4578060600
Gplus,10000,6.0000000000,3.0000000000,3.0000000000,simple,0.0500000000,10,4,1780,rr_decrease,0.0250000000,250,1.0000000000,879102,879102,3197,0,0,33,49993,32950647,-1,36095293.4268023297,108285880.2804069966,0.0954350434,0.0954350434,nan,30.0039717020
Gplus,10000,6.0000000000,3.0000000000,3.0000000000,simple,0.0500000000,10,4,1780,rr_decrease,0.0500000000,500,1.0000000000,879102,879102,3197,0,0,126,49993,32950647,-1,36174654.5744047165,108523963.7232141495,0.0978435287,0.0978435287,nan,30.6583108250
Gplus,10000,6.0000000000,3.0000000000,3.0000000000,simple,0.0500000000,10,4,1780,rr_decrease,0.0750000000,750,1.0000000000,879102,879102,3197,0,0,289,49993,32950647,-1,35981061.5717613846,107943184.7152841538,0.0919682874,0.0919682874,nan,29.7313460650
Gplus,10000,6.0000000000,3.0000000000,3.0000000000,simple,0.0500000000,10,4,1780,rr_decrease,0.1000000000,1000,1.0000000000,879102,879102,3197,0,0,517,49993,32950647,-1,36033317.1127205342,108099951.3381616026,0.0935541603,0.0935541603,nan,29.4413329270
Gplus,10000,6.0000000000,3.0000000000,3.0000000000,simple,0.0500000000,10,4,1780,rr_decrease,0.1250000000,1250,1.0000000000,879102,879102,3197,0,0,792,49993,32950647,-1,35349164.5721355751,106047493.7164067328,0.0727912132,0.0727912132,nan,28.9703303570
Gplus,10000,6.0000000000,3.0000000000,3.0000000000,simple,0.0500000000,10,4,1780,rr_decrease,0.1500000000,1500,1.0000000000,879102,879102,3197,0,0,1146,49993,32950647,-1,33425600.3637494855,100276801.0912484527,0.0144140831,0.0144140831,nan,30.2063782580
Gplus,10000,6.0000000000,3.0000000000,3.0000000000,simple,0.0500000000,10,4,1780,rr_decrease,0.1750000000,1750,1.0000000000,879102,879102,3197,0,0,1521,49993,32950647,-1,33836867.7476676702,101510603.2430030107,0.0268953975,0.0268953975,nan,30.5357713700
Gplus,10000,6.0000000000,3.0000000000,3.0000000000,simple,0.0500000000,10,4,1780,rr_decrease,0.2000000000,2000,1.0000000000,879102,879102,3197,0,0,1982,49993,32950647,-1,32465430.3297729529,97396290.9893188626,0.0147255582,-0.0147255582,nan,30.2333974490
IMDB,20000,1.0000000000,0.5000000000,0.5000000000,simple,0.0500000000,10,0,1776,clean,0.0000000000,0,0.0000000000,29046,29046,123,0,0,0,99996,54097,-1,253443.7871764562,760331.3615293687,3.6849878399,3.6849878399,nan,135.4499420360
IMDB,20000,1.0000000000,0.5000000000,0.5000000000,simple,0.0500000000,10,0,1776,rr_increase,0.0250000000,500,1.0000000000,29046,29046,123,0,0,63,99996,54097,-1,1542600.5914044396,4627801.7742133187,27.5154554117,27.5154554117,nan,131.7490708860
IMDB,20000,1.0000000000,0.5000000000,0.5000000000,simple,0.0500000000,10,0,1776,rr_increase,0.0500000000,1000,1.0000000000,29046,29046,123,0,0,241,99996,54097,-1,-18976.3315146815,-56928.9945440446,1.3507834356,-1.3507834356,nan,139.1051390680
IMDB,20000,1.0000000000,0.5000000000,0.5000000000,simple,0.0500000000,10,0,1776,rr_increase,0.0750000000,1500,1.0000000000,29046,29046,123,0,0,571,99996,54097,-1,-19972.3865392315,-59917.1596176946,1.3691958249,-1.3691958249,nan,128.5970838120
IMDB,20000,1.0000000000,0.5000000000,0.5000000000,simple,0.0500000000,10,0,1776,rr_increase,0.1000000000,2000,1.0000000000,29046,29046,123,0,0,983,99996,54097,-1,-2571480.2758063944,-7714440.8274191832,48.5346188477,-48.5346188477,nan,138.3688912790
IMDB,20000,1.0000000000,0.5000000000,0.5000000000,simple,0.0500000000,10,0,1776,rr_increase,0.1250000000,2500,1.0000000000,29046,29046,123,0,0,1550,99996,54097,-1,-3347441.8140049628,-10042325.4420148879,62.8785110820,-62.8785110820,nan,133.8331476750
IMDB,20000,1.0000000000,0.5000000000,0.5000000000,simple,0.0500000000,10,0,1776,rr_increase,0.1500000000,3000,1.0000000000,29046,29046,123,0,0,2242,99996,54097,-1,4192448.7173701585,12577346.1521104760,76.4987285315,76.4987285315,nan,135.7603620160
IMDB,20000,1.0000000000,0.5000000000,0.5000000000,simple,0.0500000000,10,0,1776,rr_increase,0.1750000000,3500,1.0000000000,29046,29046,123,0,0,3040,99996,54097,-1,-847745.5620735399,-2543236.6862206198,16.6708424141,-16.6708424141,nan,134.0310809740
IMDB,20000,1.0000000000,0.5000000000,0.5000000000,simple,0.0500000000,10,0,1776,rr_increase,0.2000000000,4000,1.0000000000,29046,29046,123,0,0,3997,99996,54097,-1,1082738.6587083365,3248215.9761250098,19.0147634565,19.0147634565,nan,138.1518349350
IMDB,20000,1.0000000000,0.5000000000,0.5000000000,simple,0.0500000000,10,0,1776,rr_decrease,0.0250000000,500,1.0000000000,29046,29046,123,0,0,63,99996,54097,-1,1651480.2758064053,4954440.8274192158,29.5281305027,29.5281305027,nan,141.3536626240
IMDB,20000,1.0000000000,0.5000000000,0.5000000000,simple,0.0500000000,10,0,1776,rr_decrease,0.0500000000,1000,1.0000000000,29046,29046,123,0,0,241,99996,54097,-1,89903.3528872771,269710.0586618314,0.6618916555,0.6618916555,nan,132.5656513310
IMDB,20000,1.0000000000,0.5000000000,0.5000000000,simple,0.0500000000,10,0,1776,rr_decrease,0.0750000000,1500,1.0000000000,29046,29046,123,0,0,571,99996,54097,-1,-509930.9663480531,-1529792.8990441593,10.4262337347,-10.4262337347,nan,134.6777702520
IMDB,20000,1.0000000000,0.5000000000,0.5000000000,simple,0.0500000000,10,0,1776,rr_decrease,0.1000000000,2000,1.0000000000,29046,29046,123,0,0,983,99996,54097,-1,-1428243.5895857878,-4284730.7687573638,27.4015303914,-27.4015303914,nan,131.9014190900
IMDB,20000,1.0000000000,0.5000000000,0.5000000000,simple,0.0500000000,10,0,1776,rr_decrease,0.1250000000,2500,1.0000000000,29046,29046,123,0,0,1550,99996,54097,-1,-2911923.0763971061,-8735769.2291913182,54.8278107177,-54.8278107177,nan,130.4000219880
IMDB,20000,1.0000000000,0.5000000000,0.5000000000,simple,0.0500000000,10,0,1776,rr_decrease,0.1500000000,3000,1.0000000000,29046,29046,123,0,0,2242,99996,54097,-1,2722572.9779436686,8167718.9338310054,49.3276148020,49.3276148020,nan,134.7138080510
IMDB,20000,1.0000000000,0.5000000000,0.5000000000,simple,0.0500000000,10,0,1776,rr_decrease,0.1750000000,3500,1.0000000000,29046,29046,123,0,0,3040,99996,54097,-1,-1392143.9840833435,-4176431.9522500308,26.7342178694,-26.7342178694,nan,128.5841715120
IMDB,20000,1.0000000000,0.5000000000,0.5000000000,simple,0.0500000000,10,0,1776,rr_decrease,0.2000000000,4000,1.0000000000,29046,29046,123,0,0,3997,99996,54097,-1,-1258174.5559338552,-3774523.6678015655,24.2577510016,-24.2577510016,nan,133.5997375120
IMDB,20000,1.0000000000,0.5000000000,0.5000000000,simple,0.0500000000,10,1,1777,clean,0.0000000000,0,0.0000000000,29046,29046,123,0,0,0,99996,54097,-1,-2384813.6091397419,-7154440.8274192251,45.0840270096,-45.0840270096,nan,131.1734210010
IMDB,20000,1.0000000000,0.5000000000,0.5000000000,simple,0.0500000000,10,1,1777,rr_increase,0.0250000000,500,1.0000000000,29046,29046,123,0,0,65,99996,54097,-1,3564149.9008627869,10692449.7025883608,64.8844279879,64.8844279879,nan,141.5238556150
IMDB,20000,1.0000000000,0.5000000000,0.5000000000,simple,0.0500000000,10,1,1777,rr_increase,0.0500000000,1000,1.0000000000,29046,29046,123,0,0,264,99996,54097,-1,1778810.6507500138,5336431.9522500411,31.8818723913,31.8818723913,nan,127.9698362550
IMDB,20000,1.0000000000,0.5000000000,0.5000000000,simple,0.0500000000,10,1,1777,rr_increase,0.0750000000,1500,1.0000000000,29046,29046,123,0,0,579,99996,54097,-1,7009931.9515662836,21029795.8546988517,128.5807891670,128.5807891670,nan,134.9115354580
IMDB,20000,1.0000000000,0.5000000000,0.5000000000,simple,0.0500000000,10,1,1777,rr_increase,0.1000000000,2000,1.0000000000,29046,29046,123,0,0,1009,99996,54097,-1,4704592.7014535042,14113778.1043605134,85.9658705927,85.9658705927,nan,131.2225754930
IMDB,20000,1.0000000000,0.5000000000,0.5000000000,simple,0.0500000000,10,1,1777,rr_increase,0.1250000000,2500,1.0000000000,29046,29046,123,0,0,1539,99996,54097,-1,5474385.6004976584,16423156.8014929760,100.1957335989,100.1957335989,nan,133.1315517630
IMDB,20000,1.0000000000,0.5000000000,0.5000000000,simple,0.0500000000,10,1,1777,rr_increase,0.1500000000,3000,1.0000000000,29046,29046,123,0,0,2236,99996,54097,-1,-1209903.3528872810,-3629710.0586618432,23.3654426842,-23.3654426842,nan,133.2516088390
IMDB,20000,1.0000000000,0.5000000000,0.5000000000,simple,0.0500000000,10,1,1777,rr_increase,0.1750000000,3500,1.0000000000,29046,29046,123,0,0,3072,99996,54097,-1,4666280.0782157509,13998840.2346472535,85.2576497443,85.2576497443,nan,133.5631408810
IMDB,20000,1.0000000000,0.5000000000,0.5000000000,simple,0.0500000000,10,1,1777,rr_increase,0.2000000000,4000,1.0000000000,29046,29046,123,0,0,4033,99996,54097,-1,6436653.8451545136,19309961.5354635417,117.9835636940,117.9835636940,nan,135.3841859850
IMDB,20000,1.0000000000,0.5000000000,0.5000000000,simple,0.0500000000,10,1,1777,rr_decrease,0.0250000000,500,1.0000000000,29046,29046,123,0,0,65,99996,54097,-1,3618589.7430637707,10855769.2291913126,65.8907655335,65.8907655335,nan,130.1550802420
IMDB,20000,1.0000000000,0.5000000000,0.5000000000,simple,0.0500000000,10,1,1777,rr_decrease,0.0500000000,1000,1.0000000000,29046,29046,123,0,0,264,99996,54097,-1,1669930.9663480564,5009792.8990441691,29.8691973002,29.8691973002,nan,134.7514458850
IMDB,20000,1.0000000000,0.5000000000,0.5000000000,simple,0.0500000000,10,1,1777,rr_decrease,0.0750000000,1500,1.0000000000,29046,29046,123,0,0,579,99996,54097,-1,7336571.0047721714,22009713.0143165141,134.6188144402,134.6188144402,nan,135.4456999560
IMDB,20000,1.0000000000,0.5000000000,0.5000000000,simple,0.0500000000,10,1,1777,rr_decrease,0.1000000000,2000,1.0000000000,29046,29046,123,0,0,1009,99996,54097,-1,5956709.0720760673,17870127.2162282020,109.1116341401,109.1116341401,nan,135.0988938560
IMDB,20000,1.0000000000,0.5000000000,0.5000000000,simple,0.0500000000,10,1,1777,rr_decrease,0.1250000000,2500,1.0000000000,29046,29046,123,0,0,1539,99996,54097,-1,7543099.6041349387,22629298.8124048151,138.4365603293,138.4365603293,nan,135.3010282330
IMDB,20000,1.0000000000,0.5000000000,0.5000000000,simple,0.0500000000,10,1,1777,rr_decrease,0.1500000000,3000,1.0000000000,29046,29046,123,0,0,2236,99996,54097,-1,-2026500.9859019939,-6079502.9577059820,38.4605058673,-38.4605058673,nan,140.4941394630
IMDB,20000,1.0000000000,0.5000000000,0.5000000000,simple,0.0500000000,10,1,1777,rr_decrease,0.1750000000,3500,1.0000000000,29046,29046,123,0,0,3072,99996,54097,-1,6353915.1864461713,19061745.5593385138,116.4541136560,116.4541136560,nan,132.8752649680
IMDB,20000,1.0000000000,0.5000000000,0.5000000000,simple,0.0500000000,10,1,1777,rr_decrease,0.2000000000,4000,1.0000000000,29046,29046,123,0,0,4033,99996,54097,-1,7525450.6891741343,22576352.0675224029,138.1103146048,138.1103146048,nan,133.2325628620
IMDB,20000,1.0000000000,0.5000000000,0.5000000000,simple,0.0500000000,10,2,1778,clean,0.0000000000,0,0.0000000000,29046,29046,123,0,0,0,99994,54097,-1,-2837621.3015000294,-8512863.9045000877,53.4543191212,-53.4543191212,nan,130.2854580120
IMDB,20000,1.0000000000,0.5000000000,0.5000000000,simple,0.0500000000,10,2,1778,rr_increase,0.0250000000,500,1.0000000000,29046,29046,123,0,0,60,99994,54097,-1,1997621.3015000301,5992863.9045000905,35.9266558497,35.9266558497,nan,131.3698137550
IMDB,20000,1.0000000000,0.5000000000,0.5000000000,simple,0.0500000000,10,2,1778,rr_increase,0.0500000000,1000,1.0000000000,29046,29046,123,0,0,250,99994,54097,-1,3599779.0923137725,10799337.2769413181,65.5430447587,65.5430447587,nan,133.6850514520
IMDB,20000,1.0000000000,0.5000000000,0.5000000000,simple,0.0500000000,10,2,1778,rr_increase,0.0750000000,1500,1.0000000000,29046,29046,123,0,0,553,99994,54097,-1,-258395.4636200915,-775186.3908602746,5.7765211309,-5.7765211309,nan,135.0387114810
IMDB,20000,1.0000000000,0.5000000000,0.5000000000,simple,0.0500000000,10,2,1778,rr_increase,0.1000000000,2000,1.0000000000,29046,29046,123,0,0,963,99994,54097,-1,2366528.5993627668,7099585.7980883000,42.7460228730,42.7460228730,nan,133.7101963420
IMDB,20000,1.0000000000,0.5000000000,0.5000000000,simple,0.0500000000,10,2,1778,rr_increase,0.1250000000,2500,1.0000000000,29046,29046,123,0,0,1545,99994,54097,-1,-764841.2226005192,-2294523.6678015576,15.1383297152,-15.1383297152,nan,131.5167731710
IMDB,20000,1.0000000000,0.5000000000,0.5000000000,simple,0.0500000000,10,2,1778,rr_increase,0.1500000000,3000,1.0000000000,29046,29046,123,0,0,2205,99994,54097,-1,-640415.1871299323,-1921245.5613897969,12.8382754521,-12.8382754521,nan,133.0087914830
IMDB,20000,1.0000000000,0.5000000000,0.5000000000,simple,0.0500000000,10,2,1778,rr_increase,0.1750000000,3500,1.0000000000,29046,29046,123,0,0,3056,99994,54097,-1,-3402988.1650735918,-10208964.4952207748,63.9053027908,-63.9053027908,nan,132.5267551740
IMDB,20000,1.0000000000,0.5000000000,0.5000000000,simple,0.0500000000,10,2,1778,rr_increase,0.2000000000,4000,1.0000000000,29046,29046,123,0,0,3974,99994,54097,-1,-274993.0966348112,-824979.2899044335,6.0833335792,-6.0833335792,nan,138.9790346110
IMDB,20000,1.0000000000,0.5000000000,0.5000000000,simple,0.0500000000,10,2,1778,rr_decrease,0.0250000000,500,1.0000000000,29046,29046,123,0,0,60,99994,54097,-1,1725422.0904951219,5176266.2714853659,30.8949681220,30.8949681220,nan,136.3469139040
IMDB,20000,1.0000000000,0.5000000000,0.5000000000,simple,0.0500000000,10,2,1778,rr_decrease,0.0500000000,1000,1.0000000000,29046,29046,123,0,0,250,99994,54097,-1,4416376.7253284911,13249130.1759854723,80.6381079418,80.6381079418,nan,131.5286136820
IMDB,20000,1.0000000000,0.5000000000,0.5000000000,simple,0.0500000000,10,2,1778,rr_decrease,0.0750000000,1500,1.0000000000,29046,29046,123,0,0,553,99994,54097,-1,-95075.9370171469,-285227.8110514408,2.7575084943,-2.7575084943,nan,135.9624718190
IMDB,20000,1.0000000000,0.5000000000,0.5000000000,simple,0.0500000000,10,2,1778,rr_decrease,0.1000000000,2000,1.0000000000,29046,29046,123,0,0,963,99994,54097,-1,2094329.3883578593,6282988.1650735782,37.7143351453,37.7143351453,nan,131.7734566500
IMDB,20000,1.0000000000,0.5000000000,0.5000000000,simple,0.0500000000,10,2,1778,rr_decrease,0.1250000000,2500,1.0000000000,29046,29046,123,0,0,1545,99994,54097,-1,-1309239.6446103335,-3927718.9338310002,25.2017051705,-25.2017051705,nan,140.6928115490
IMDB,20000,1.0000000000,0.5000000000,0.5000000000,simple,0.0500000000,10,2,1778,rr_decrease,0.1500000000,3000,1.0000000000,29046,29046,123,0,0,2205,99994,54097,-1,-1838091.7155515167,-5514275.1466545500,34.9777014539,-34.9777014539,nan,131.8293612360
IMDB,20000,1.0000000000,0.5000000000,0.5000000000,simple,0.0500000000,10,2,1778,rr_decrease,0.1750000000,3500,1.0000000000,29046,29046,123,0,0,3056,99994,54097,-1,-2205311.6366520049,-6615934.9099560147,41.7658767890,-41.7658767890,nan,139.4891544730
IMDB,20000,1.0000000000,0.5000000000,0.5000000000,simple,0.0500000000,10,2,1778,rr_decrease,0.2000000000,4000,1.0000000000,29046,29046,123,0,0,3974,99994,54097,-1,160525.6409730422,481576.9229191266,1.9673667851,1.9673667851,nan,129.6957003180
IMDB,20000,1.0000000000,0.5000000000,0.5000000000,simple,0.0500000000,10,3,1779,clean,0.0000000000,0,0.0000000000,29046,29046,123,0,0,0,99997,54097,-1,1798146.9424730754,5394440.8274192261,32.2393098041,32.2393098041,nan,139.4201365800
IMDB,20000,1.0000000000,0.5000000000,0.5000000000,simple,0.0500000000,10,3,1779,rr_increase,0.0250000000,500,1.0000000000,29046,29046,123,0,0,59,99997,54097,-1,-4150816.5675294581,-12452449.7025883738,77.7291451934,-77.7291451934,nan,133.1854598260
IMDB,20000,1.0000000000,0.5000000000,0.5000000000,simple,0.0500000000,10,3,1779,rr_increase,0.0500000000,1000,1.0000000000,29046,29046,123,0,0,237,99997,54097,-1,-1741549.3094583570,-5224647.9283750709,33.1930848191,-33.1930848191,nan,130.8852907990
IMDB,20000,1.0000000000,0.5000000000,0.5000000000,simple,0.0500000000,10,3,1779,rr_increase,0.0750000000,1500,1.0000000000,29046,29046,123,0,0,585,99997,54097,-1,-453858.9743063780,-1361576.9229191339,9.3897253878,-9.3897253878,nan,130.0653993940
IMDB,20000,1.0000000000,0.5000000000,0.5000000000,simple,0.0500000000,10,3,1779,rr_increase,0.1000000000,2000,1.0000000000,29046,29046,123,0,0,1006,99997,54097,-1,-1779281.0648015065,-5337843.1944045192,33.8905681424,-33.8905681424,nan,127.2435387130
IMDB,20000,1.0000000000,0.5000000000,0.5000000000,simple,0.0500000000,10,3,1779,rr_increase,0.1250000000,2500,1.0000000000,29046,29046,123,0,0,1592,99997,54097,-1,-7466474.3576594368,-22399423.0729783103,139.0201186324,-139.0201186324,nan,140.2985212680
IMDB,20000,1.0000000000,0.5000000000,0.5000000000,simple,0.0500000000,10,3,1779,rr_increase,0.1500000000,3000,1.0000000000,29046,29046,123,0,0,2306,99997,54097,-1,4283513.8060466321,12850541.4181398954,78.1820952372,78.1820952372,nan,132.6474416170
IMDB,20000,1.0000000000,0.5000000000,0.5000000000,simple,0.0500000000,10,3,1779,rr_increase,0.1750000000,3500,1.0000000000,29046,29046,123,0,0,3135,99997,54097,-1,5851259.3681201683,17553778.1043605059,107.1623633126,107.1623633126,nan,139.2966746800
IMDB,20000,1.0000000000,0.5000000000,0.5000000000,simple,0.0500000000,10,3,1779,rr_increase,0.2000000000,4000,1.0000000000,29046,29046,123,0,0,4066,99997,54097,-1,1376542.4060931625,4129627.2182794875,24.4458178105,24.4458178105,nan,133.2610354230
IMDB,20000,1.0000000000,0.5000000000,0.5000000000,simple,0.0500000000,10,3,1779,rr_decrease,0.0250000000,500,1.0000000000,29046,29046,123,0,0,59,99997,54097,-1,-4041936.8831274956,-12125810.6493824869,75.7164701024,-75.7164701024,nan,134.4504128150
IMDB,20000,1.0000000000,0.5000000000,0.5000000000,simple,0.0500000000,10,3,1779,rr_decrease,0.0500000000,1000,1.0000000000,29046,29046,123,0,0,237,99997,54097,-1,-2068188.3626642423,-6204565.0879927268,39.2311100923,-39.2311100923,nan,134.5542975270
IMDB,20000,1.0000000000,0.5000000000,0.5000000000,simple,0.0500000000,10,3,1779,rr_decrease,0.0750000000,1500,1.0000000000,29046,29046,123,0,0,585,99997,54097,-1,-943817.5541152093,-2831452.6623456278,18.4467632977,-18.4467632977,nan,135.8209936610
IMDB,20000,1.0000000000,0.5000000000,0.5000000000,simple,0.0500000000,10,3,1779,rr_decrease,0.1000000000,2000,1.0000000000,29046,29046,123,0,0,1006,99997,54097,-1,-1997040.4336054299,-5991121.3008162901,37.9159183246,-37.9159183246,nan,130.5837935920
IMDB,20000,1.0000000000,0.5000000000,0.5000000000,simple,0.0500000000,10,3,1779,rr_decrease,0.1250000000,2500,1.0000000000,29046,29046,123,0,0,1592,99997,54097,-1,-7629793.8842623858,-22889381.6527871564,142.0391312691,-142.0391312691,nan,131.5667263450
IMDB,20000,1.0000000000,0.5000000000,0.5000000000,simple,0.0500000000,10,3,1779,rr_decrease,0.1500000000,3000,1.0000000000,29046,29046,123,0,0,2306,99997,54097,-1,3793555.2262378032,11380665.6787134092,69.1250573274,69.1250573274,nan,133.3927305440
IMDB,20000,1.0000000000,0.5000000000,0.5000000000,simple,0.0500000000,10,3,1779,rr_decrease,0.1750000000,3500,1.0000000000,29046,29046,123,0,0,3135,99997,54097,-1,4599142.9974976061,13797428.9924928173,84.0165997652,84.0165997652,nan,150.1346239910
IMDB,20000,1.0000000000,0.5000000000,0.5000000000,simple,0.0500000000,10,3,1779,rr_decrease,0.2000000000,4000,1.0000000000,29046,29046,123,0,0,4066,99997,54097,-1,1430982.2482941458,4292946.7448824374,25.4521553560,25.4521553560,nan,127.9090975040
IMDB,20000,1.0000000000,0.5000000000,0.5000000000,simple,0.0500000000,10,4,1780,clean,0.0000000000,0,0.0000000000,29046,29046,123,0,0,0,99992,54097,-1,-2090428.9938603230,-6271286.9815809689,39.6422351306,-39.6422351306,nan,135.7515101840
IMDB,20000,1.0000000000,0.5000000000,0.5000000000,simple,0.0500000000,10,4,1780,rr_increase,0.0250000000,500,1.0000000000,29046,29046,123,0,0,63,99992,54097,-1,748298.8165073519,2244896.4495220557,12.8325381538,12.8325381538,nan,131.1989543460
IMDB,20000,1.0000000000,0.5000000000,0.5000000000,simple,0.0500000000,10,4,1780,rr_increase,0.0500000000,1000,1.0000000000,29046,29046,123,0,0,271,99992,54097,-1,-2740913.2146421983,-8222739.6439265944,51.6666398255,-51.6666398255,nan,132.8856570430
IMDB,20000,1.0000000000,0.5000000000,0.5000000000,simple,0.0500000000,10,4,1780,rr_increase,0.0750000000,1500,1.0000000000,29046,29046,123,0,0,535,99992,54097,-1,1282102.5638921808,3846307.6916765422,22.7000677282,22.7000677282,nan,124.7605156230
IMDB,20000,1.0000000000,0.5000000000,0.5000000000,simple,0.0500000000,10,4,1780,rr_increase,0.1000000000,2000,1.0000000000,29046,29046,123,0,0,998,99992,54097,-1,-1349765.2855833729,-4049295.8567501185,25.9508343454,-25.9508343454,nan,132.6310495290
IMDB,20000,1.0000000000,0.5000000000,0.5000000000,simple,0.0500000000,10,4,1780,rr_increase,0.1250000000,2500,1.0000000000,29046,29046,123,0,0,1545,99992,54097,-1,1631507.8892671876,4894523.6678015627,29.1589346778,29.1589346778,nan,132.7694626740
IMDB,20000,1.0000000000,0.5000000000,0.5000000000,simple,0.0500000000,10,4,1780,rr_increase,0.1500000000,3000,1.0000000000,29046,29046,123,0,0,2219,99992,54097,-1,-1050428.9938603153,-3151286.9815809457,20.4175091754,-20.4175091754,nan,119.8129637970
IMDB,20000,1.0000000000,0.5000000000,0.5000000000,simple,0.0500000000,10,4,1780,rr_increase,0.1750000000,3500,1.0000000000,29046,29046,123,0,0,3073,99992,54097,-1,1734274.1614363061,5202822.4843089180,31.0586014277,31.0586014277,nan,119.2700797990
IMDB,20000,1.0000000000,0.5000000000,0.5000000000,simple,0.0500000000,10,4,1780,rr_increase,0.2000000000,4000,1.0000000000,29046,29046,123,0,0,4036,99992,54097,-1,-4250318.5400172062,-12750955.6200516187,79.5684703406,-79.5684703406,nan,131.1469282540
IMDB,20000,1.0000000000,0.5000000000,0.5000000000,simple,0.0500000000,10,4,1780,rr_decrease,0.0250000000,500,1.0000000000,29046,29046,123,0,0,63,99992,54097,-1,802738.6587083358,2408215.9761250075,13.8388756994,13.8388756994,nan,139.6851038980
IMDB,20000,1.0000000000,0.5000000000,0.5000000000,simple,0.0500000000,10,4,1780,rr_decrease,0.0500000000,1000,1.0000000000,29046,29046,123,0,0,271,99992,54097,-1,-3775270.2164608440,-11325810.6493825316,70.7870531908,-70.7870531908,nan,141.3476066100
IMDB,20000,1.0000000000,0.5000000000,0.5000000000,simple,0.0500000000,10,4,1780,rr_decrease,0.0750000000,1500,1.0000000000,29046,29046,123,0,0,535,99992,54097,-1,2534218.9345147442,7602656.8035442326,45.8458312756,45.8458312756,nan,131.0319631890
IMDB,20000,1.0000000000,0.5000000000,0.5000000000,simple,0.0500000000,10,4,1780,rr_decrease,0.1000000000,2000,1.0000000000,29046,29046,123,0,0,998,99992,54097,-1,-1077566.0745784685,-3232698.2237354056,20.9191466177,-20.9191466177,nan,140.1962256430
IMDB,20000,1.0000000000,0.5000000000,0.5000000000,simple,0.0500000000,10,4,1780,rr_decrease,0.1250000000,2500,1.0000000000,29046,29046,123,0,0,1545,99992,54097,-1,1087109.4672573775,3261328.4017721326,19.0955592225,19.0955592225,nan,141.5007299060
IMDB,20000,1.0000000000,0.5000000000,0.5000000000,simple,0.0500000000,10,4,1780,rr_decrease,0.1500000000,3000,1.0000000000,29046,29046,123,0,0,2219,99992,54097,-1,201687.3767622500,605062.1302867500,2.7282543720,2.7282543720,nan,89.8489936170
IMDB,20000,1.0000000000,0.5000000000,0.5000000000,simple,0.0500000000,10,4,1780,rr_decrease,0.1750000000,3500,1.0000000000,29046,29046,123,0,0,3073,99992,54097,-1,2931950.6898578987,8795852.0695736967,53.1980274296,53.1980274296,nan,24.9516048120
IMDB,20000,1.0000000000,0.5000000000,0.5000000000,simple,0.0500000000,10,4,1780,rr_decrease,0.2000000000,4000,1.0000000000,29046,29046,123,0,0,4036,99992,54097,-1,-5175795.8574338788,-15527387.5723016355,96.6762086148,-96.6762086148,nan,39.8262557320
IMDB,20000,6.0000000000,3.0000000000,3.0000000000,simple,0.0500000000,10,0,1776,clean,0.0000000000,0,0.0000000000,29046,29046,123,0,0,0,99996,54097,-1,107305.5190643350,321916.5571930049,0.9835761514,0.9835761514,nan,122.6555229050
IMDB,20000,6.0000000000,3.0000000000,3.0000000000,simple,0.0500000000,10,0,1776,rr_increase,0.0250000000,500,1.0000000000,29046,29046,123,0,0,63,99996,54097,-1,271437.4178947539,814312.2536842618,4.0176057433,4.0176057433,nan,127.3285728450
IMDB,20000,6.0000000000,3.0000000000,3.0000000000,simple,0.0500000000,10,0,1776,rr_increase,0.0500000000,1000,1.0000000000,29046,29046,123,0,0,241,99996,54097,-1,119241.6338245680,357724.9014737041,1.2042189738,1.2042189738,nan,111.6748118650
IMDB,20000,6.0000000000,3.0000000000,3.0000000000,simple,0.0500000000,10,0,1776,rr_increase,0.0750000000,1500,1.0000000000,29046,29046,123,0,0,571,99996,54097,-1,156506.9535672496,469520.8607017487,1.8930800889,1.8930800889,nan,109.8784887360
IMDB,20000,6.0000000000,3.0000000000,3.0000000000,simple,0.0500000000,10,0,1776,rr_increase,0.1000000000,2000,1.0000000000,29046,29046,123,0,0,983,99996,54097,-1,63812.4726315846,191437.4178947537,0.1795935566,0.1795935566,nan,111.5774460230
IMDB,20000,6.0000000000,3.0000000000,3.0000000000,simple,0.0500000000,10,0,1776,rr_increase,0.1250000000,2500,1.0000000000,29046,29046,123,0,0,1550,99996,54097,-1,17584.7459415156,52754.2378245469,0.6749404599,-0.6749404599,nan,122.2499475570
IMDB,20000,6.0000000000,3.0000000000,3.0000000000,simple,0.0500000000,10,0,1776,rr_increase,0.1500000000,3000,1.0000000000,29046,29046,123,0,0,2242,99996,54097,-1,183054.1064561524,549162.3193684573,2.3838125304,2.3838125304,nan,123.6614135370
IMDB,20000,6.0000000000,3.0000000000,3.0000000000,simple,0.0500000000,10,0,1776,rr_increase,0.1750000000,3500,1.0000000000,29046,29046,123,0,0,3040,99996,54097,-1,159361.1476023316,478083.4428069948,1.9458407602,1.9458407602,nan,117.6215895130
IMDB,20000,6.0000000000,3.0000000000,3.0000000000,simple,0.0500000000,10,0,1776,rr_increase,0.2000000000,4000,1.0000000000,29046,29046,123,0,0,3997,99996,54097,-1,382235.9833918390,1146707.9501755170,6.0657519528,6.0657519528,nan,117.6757693900
IMDB,20000,6.0000000000,3.0000000000,3.0000000000,simple,0.0500000000,10,0,1776,rr_decrease,0.0250000000,500,1.0000000000,29046,29046,123,0,0,63,99996,54097,-1,271437.4178947539,814312.2536842618,4.0176057433,4.0176057433,nan,118.5850302460
IMDB,20000,6.0000000000,3.0000000000,3.0000000000,simple,0.0500000000,10,0,1776,rr_decrease,0.0500000000,1000,1.0000000000,29046,29046,123,0,0,241,99996,54097,-1,104511.0819181346,313533.2457544037,0.9319201050,0.9319201050,nan,117.7033327410
IMDB,20000,6.0000000000,3.0000000000,3.0000000000,simple,0.0500000000,10,0,1776,rr_decrease,0.0750000000,1500,1.0000000000,29046,29046,123,0,0,571,99996,54097,-1,97584.7459415157,292754.2378245470,0.8038846136,0.8038846136,nan,119.0183991590
IMDB,20000,6.0000000000,3.0000000000,3.0000000000,simple,0.0500000000,10,0,1776,rr_decrease,0.1000000000,2000,1.0000000000,29046,29046,123,0,0,983,99996,54097,-1,108004.1283508849,324012.3850526548,0.9964901631,0.9964901631,nan,123.9844269400
IMDB,20000,6.0000000000,3.0000000000,3.0000000000,simple,0.0500000000,10,0,1776,rr_decrease,0.1250000000,2500,1.0000000000,29046,29046,123,0,0,1550,99996,54097,-1,47045.8497543826,141137.5492631478,0.1303427223,-0.1303427223,nan,121.8250242380
IMDB,20000,6.0000000000,3.0000000000,3.0000000000,simple,0.0500000000,10,0,1776,rr_decrease,0.1500000000,3000,1.0000000000,29046,29046,123,0,0,2242,99996,54097,-1,109401.3469239851,328204.0407719553,1.0223181863,1.0223181863,nan,123.1802360750
IMDB,20000,6.0000000000,3.0000000000,3.0000000000,simple,0.0500000000,10,0,1776,rr_decrease,0.1750000000,3500,1.0000000000,29046,29046,123,0,0,3040,99996,54097,-1,100438.9399765979,301316.8199297936,0.8566452849,0.8566452849,nan,121.6717755740
IMDB,20000,6.0000000000,3.0000000000,3.0000000000,simple,0.0500000000,10,0,1776,rr_decrease,0.2000000000,4000,1.0000000000,29046,29046,123,0,0,3997,99996,54097,-1,220199.9124210705,660599.7372632115,3.0704643958,3.0704643958,nan,118.4391867590
IMDB,20000,6.0000000000,3.0000000000,3.0000000000,simple,0.0500000000,10,1,1777,clean,0.0000000000,0,0.0000000000,29046,29046,123,0,0,0,99996,54097,-1,201397.2185731003,604191.6557193008,2.7228907069,2.7228907069,nan,122.7196182300
IMDB,20000,6.0000000000,3.0000000000,3.0000000000,simple,0.0500000000,10,1,1777,rr_increase,0.0250000000,500,1.0000000000,29046,29046,123,0,0,65,99996,54097,-1,140319.4261988341,420958.2785965023,1.5938485720,1.5938485720,nan,120.6324079820
IMDB,20000,6.0000000000,3.0000000000,3.0000000000,simple,0.0500000000,10,1,1777,rr_increase,0.0500000000,1000,1.0000000000,29046,29046,123,0,0,264,99996,54097,-1,121397.2185731002,364191.6557193006,1.2440656335,1.2440656335,nan,120.6406529330
IMDB,20000,6.0000000000,3.0000000000,3.0000000000,simple,0.0500000000,10,1,1777,rr_increase,0.0750000000,1500,1.0000000000,29046,29046,123,0,0,579,99996,54097,-1,6406.9973567143,19220.9920701430,0.8815646458,-0.8815646458,nan,118.8257921180
IMDB,20000,6.0000000000,3.0000000000,3.0000000000,simple,0.0500000000,10,1,1777,rr_increase,0.1000000000,2000,1.0000000000,29046,29046,123,0,0,1009,99996,54097,-1,200698.6092865501,602095.8278596502,2.7099766953,2.7099766953,nan,118.0071802480
IMDB,20000,6.0000000000,3.0000000000,3.0000000000,simple,0.0500000000,10,1,1777,rr_increase,0.1250000000,2500,1.0000000000,29046,29046,123,0,0,1539,99996,54097,-1,126287.4835789507,378862.4507368521,1.3344637148,1.3344637148,nan,116.1668297930
IMDB,20000,6.0000000000,3.0000000000,3.0000000000,simple,0.0500000000,10,1,1777,rr_increase,0.1500000000,3000,1.0000000000,29046,29046,123,0,0,2236,99996,54097,-1,77145.8059649177,231437.4178947532,0.4260644022,0.4260644022,nan,116.6242957530
IMDB,20000,6.0000000000,3.0000000000,3.0000000000,simple,0.0500000000,10,1,1777,rr_increase,0.1750000000,3500,1.0000000000,29046,29046,123,0,0,3072,99996,54097,-1,98981.9645146158,296945.8935438473,0.8297126368,0.8297126368,nan,119.1154207980
IMDB,20000,6.0000000000,3.0000000000,3.0000000000,simple,0.0500000000,10,1,1777,rr_increase,0.2000000000,4000,1.0000000000,29046,29046,123,0,0,4033,99996,54097,-1,124950.0218947324,374850.0656841972,1.3097403164,1.3097403164,nan,123.9893077700
IMDB,20000,6.0000000000,3.0000000000,3.0000000000,simple,0.0500000000,10,1,1777,rr_decrease,0.0250000000,500,1.0000000000,29046,29046,123,0,0,65,99996,54097,-1,125588.8742924006,376766.6228772018,1.3215497032,1.3215497032,nan,118.9431114540
IMDB,20000,6.0000000000,3.0000000000,3.0000000000,simple,0.0500000000,10,1,1777,rr_decrease,0.0500000000,1000,1.0000000000,29046,29046,123,0,0,264,99996,54097,-1,121397.2185731002,364191.6557193006,1.2440656335,1.2440656335,nan,121.0578198820
IMDB,20000,6.0000000000,3.0000000000,3.0000000000,simple,0.0500000000,10,1,1777,rr_decrease,0.0750000000,1500,1.0000000000,29046,29046,123,0,0,579,99996,54097,-1,50598.6530760149,151795.9592280446,0.0646680393,-0.0646680393,nan,118.8772341150
IMDB,20000,6.0000000000,3.0000000000,3.0000000000,simple,0.0500000000,10,1,1777,rr_decrease,0.1000000000,2000,1.0000000000,29046,29046,123,0,0,1009,99996,54097,-1,230159.7130994171,690479.1392982514,3.2545744330,3.2545744330,nan,121.3171536040
IMDB,20000,6.0000000000,3.0000000000,3.0000000000,simple,0.0500000000,10,1,1777,rr_decrease,0.1250000000,2500,1.0000000000,29046,29046,123,0,0,1539,99996,54097,-1,199940.2431111185,599820.7293333556,2.6959580589,2.6959580589,nan,128.2151479620
IMDB,20000,6.0000000000,3.0000000000,3.0000000000,simple,0.0500000000,10,1,1777,rr_decrease,0.1500000000,3000,1.0000000000,29046,29046,123,0,0,2236,99996,54097,-1,91876.3578713513,275629.0736140538,0.6983632710,0.6983632710,nan,121.9234329540
IMDB,20000,6.0000000000,3.0000000000,3.0000000000,simple,0.0500000000,10,1,1777,rr_decrease,0.1750000000,3500,1.0000000000,29046,29046,123,0,0,3072,99996,54097,-1,172634.7240467831,517904.1721403495,2.1912069809,2.1912069809,nan,118.8231614040
IMDB,20000,6.0000000000,3.0000000000,3.0000000000,simple,0.0500000000,10,1,1777,rr_decrease,0.2000000000,4000,1.0000000000,29046,29046,123,0,0,4033,99996,54097,-1,66027.8142689985,198083.4428069955,0.2205448411,0.2205448411,nan,132.0181576380
IMDB,20000,6.0000000000,3.0000000000,3.0000000000,simple,0.0500000000,10,2,1778,clean,0.0000000000,0,0.0000000000,29046,29046,123,0,0,0,99994,54097,-1,-32255.5409590673,-96766.6228772020,1.5962537841,-1.5962537841,nan,127.9458395650
IMDB,20000,6.0000000000,3.0000000000,3.0000000000,simple,0.0500000000,10,2,1778,rr_increase,0.0250000000,500,1.0000000000,29046,29046,123,0,0,60,99994,54097,-1,-13912.4288421198,-41737.2865263593,1.2571756076,-1.2571756076,nan,123.4363083370
IMDB,20000,6.0000000000,3.0000000000,3.0000000000,simple,0.0500000000,10,2,1778,rr_increase,0.0500000000,1000,1.0000000000,29046,29046,123,0,0,250,99994,54097,-1,-105090.1774269211,-315270.5322807632,2.9426248669,-2.9426248669,nan,124.2132064950
IMDB,20000,6.0000000000,3.0000000000,3.0000000000,simple,0.0500000000,10,2,1778,rr_increase,0.0750000000,1500,1.0000000000,29046,29046,123,0,0,553,99994,54097,-1,23752.7157427026,71258.1472281079,0.5609236050,-0.5609236050,nan,130.4383154330
IMDB,20000,6.0000000000,3.0000000000,3.0000000000,simple,0.0500000000,10,2,1778,rr_increase,0.1000000000,2000,1.0000000000,29046,29046,123,0,0,963,99994,54097,-1,21077.7923742660,63233.3771227981,0.6103704018,-0.6103704018,nan,129.1181224310
IMDB,20000,6.0000000000,3.0000000000,3.0000000000,simple,0.0500000000,10,2,1778,rr_increase,0.1250000000,2500,1.0000000000,29046,29046,123,0,0,1545,99994,54097,-1,165469.3605146371,496408.0815439111,2.0587529903,2.0587529903,nan,135.7749730890
IMDB,20000,6.0000000000,3.0000000000,3.0000000000,simple,0.0500000000,10,2,1778,rr_increase,0.1500000000,3000,1.0000000000,29046,29046,123,0,0,2205,99994,54097,-1,-57465.2321637520,-172395.6964912559,2.0622628272,-2.0622628272,nan,131.7918200780
IMDB,20000,6.0000000000,3.0000000000,3.0000000000,simple,0.0500000000,10,2,1778,rr_increase,0.1750000000,3500,1.0000000000,29046,29046,123,0,0,3056,99994,54097,-1,-155748.5873918177,-467245.7621754530,3.8790614524,-3.8790614524,nan,122.2374010560
IMDB,20000,6.0000000000,3.0000000000,3.0000000000,simple,0.0500000000,10,2,1778,rr_increase,0.2000000000,4000,1.0000000000,29046,29046,123,0,0,3974,99994,54097,-1,-53972.1857310016,-161916.5571930048,1.9976927691,-1.9976927691,nan,125.3817551930
IMDB,20000,6.0000000000,3.0000000000,3.0000000000,simple,0.0500000000,10,2,1778,rr_decrease,0.0250000000,500,1.0000000000,29046,29046,123,0,0,60,99994,54097,-1,-13912.4288421198,-41737.2865263593,1.2571756076,-1.2571756076,nan,130.4430037130
IMDB,20000,6.0000000000,3.0000000000,3.0000000000,simple,0.0500000000,10,2,1778,rr_decrease,0.0500000000,1000,1.0000000000,29046,29046,123,0,0,250,99994,54097,-1,-90359.6255204876,-271078.8765614627,2.6703259981,-2.6703259981,nan,132.3992952290
IMDB,20000,6.0000000000,3.0000000000,3.0000000000,simple,0.0500000000,10,2,1778,rr_decrease,0.0750000000,1500,1.0000000000,29046,29046,123,0,0,553,99994,54097,-1,-5708.3880701643,-17125.1642104930,1.1055213426,-1.1055213426,nan,137.0659860750
IMDB,20000,6.0000000000,3.0000000000,3.0000000000,simple,0.0500000000,10,2,1778,rr_decrease,0.1000000000,2000,1.0000000000,29046,29046,123,0,0,963,99994,54097,-1,-52574.9671579014,-157724.9014737043,1.9718647459,-1.9718647459,nan,138.4197440740
IMDB,20000,6.0000000000,3.0000000000,3.0000000000,simple,0.0500000000,10,2,1778,rr_decrease,0.1250000000,2500,1.0000000000,29046,29046,123,0,0,1545,99994,54097,-1,91816.6009824694,275449.8029474083,0.6972586462,0.6972586462,nan,131.5718478850
IMDB,20000,6.0000000000,3.0000000000,3.0000000000,simple,0.0500000000,10,2,1778,rr_decrease,0.1500000000,3000,1.0000000000,29046,29046,123,0,0,2205,99994,54097,-1,-13273.5764444515,-39820.7293333544,1.2453662208,-1.2453662208,nan,132.8987255860
IMDB,20000,6.0000000000,3.0000000000,3.0000000000,simple,0.0500000000,10,2,1778,rr_decrease,0.1750000000,3500,1.0000000000,29046,29046,123,0,0,3056,99994,54097,-1,-52634.7240467833,-157904.1721403498,1.9729693707,-1.9729693707,nan,133.0818204490
IMDB,20000,6.0000000000,3.0000000000,3.0000000000,simple,0.0500000000,10,2,1778,rr_decrease,0.2000000000,4000,1.0000000000,29046,29046,123,0,0,3974,99994,54097,-1,-39241.6338245681,-117724.9014737043,1.7253939003,-1.7253939003,nan,132.8260737310
IMDB,20000,6.0000000000,3.0000000000,3.0000000000,simple,0.0500000000,10,3,1779,clean,0.0000000000,0,0.0000000000,29046,29046,123,0,0,0,99997,54097,-1,-112954.1502456174,-338862.4507368522,3.0879928692,-3.0879928692,nan,120.1089527570
IMDB,20000,6.0000000000,3.0000000000,3.0000000000,simple,0.0500000000,10,3,1779,rr_increase,0.0250000000,500,1.0000000000,29046,29046,123,0,0,59,99997,54097,-1,42155.5847485322,126466.7542455966,0.2207408036,-0.2207408036,nan,117.4609000420
IMDB,20000,6.0000000000,3.0000000000,3.0000000000,simple,0.0500000000,10,3,1779,rr_increase,0.0500000000,1000,1.0000000000,29046,29046,123,0,0,237,99997,54097,-1,-34351.3688187175,-103054.1064561526,1.6349958190,-1.6349958190,nan,116.4377511420
IMDB,20000,6.0000000000,3.0000000000,3.0000000000,simple,0.0500000000,10,3,1779,rr_increase,0.0750000000,1500,1.0000000000,29046,29046,123,0,0,585,99997,54097,-1,-110798.5654970852,-332395.6964912557,3.0481462095,-3.0481462095,nan,117.8161761740
IMDB,20000,6.0000000000,3.0000000000,3.0000000000,simple,0.0500000000,10,3,1779,rr_increase,0.1000000000,2000,1.0000000000,29046,29046,123,0,0,1006,99997,54097,-1,-11876.3578713514,-35629.0736140541,1.2195381975,-1.2195381975,nan,121.0723985220
IMDB,20000,6.0000000000,3.0000000000,3.0000000000,simple,0.0500000000,10,3,1779,rr_increase,0.1250000000,2500,1.0000000000,29046,29046,123,0,0,1592,99997,54097,-1,-80638.8523976682,-241916.5571930047,2.4906344603,-2.4906344603,nan,130.2040901270
IMDB,20000,6.0000000000,3.0000000000,3.0000000000,simple,0.0500000000,10,3,1779,rr_increase,0.1500000000,3000,1.0000000000,29046,29046,123,0,0,2306,99997,54097,-1,75049.9781052676,225149.9343158027,0.3873223673,0.3873223673,nan,131.9040390370
IMDB,20000,6.0000000000,3.0000000000,3.0000000000,simple,0.0500000000,10,3,1779,rr_increase,0.1750000000,3500,1.0000000000,29046,29046,123,0,0,3135,99997,54097,-1,117265.3197426816,351795.9592280448,1.1676861886,1.1676861886,nan,126.4271726330
IMDB,20000,6.0000000000,3.0000000000,3.0000000000,simple,0.0500000000,10,3,1779,rr_increase,0.2000000000,4000,1.0000000000,29046,29046,123,0,0,4066,99997,54097,-1,-70099.9562105352,-210299.8686316057,2.2958196612,-2.2958196612,nan,131.6656095770
IMDB,20000,6.0000000000,3.0000000000,3.0000000000,simple,0.0500000000,10,3,1779,rr_decrease,0.0250000000,500,1.0000000000,29046,29046,123,0,0,59,99997,54097,-1,42155.5847485322,126466.7542455966,0.2207408036,-0.2207408036,nan,129.7777964470
IMDB,20000,6.0000000000,3.0000000000,3.0000000000,simple,0.0500000000,10,3,1779,rr_decrease,0.0500000000,1000,1.0000000000,29046,29046,123,0,0,237,99997,54097,-1,-49081.9207251510,-147245.7621754531,1.9072946878,-1.9072946878,nan,134.1550781340
IMDB,20000,6.0000000000,3.0000000000,3.0000000000,simple,0.0500000000,10,3,1779,rr_decrease,0.0750000000,1500,1.0000000000,29046,29046,123,0,0,585,99997,54097,-1,-140259.6693099523,-420779.0079298568,3.5927439472,-3.5927439472,nan,118.3220295850
IMDB,20000,6.0000000000,3.0000000000,3.0000000000,simple,0.0500000000,10,3,1779,rr_decrease,0.1000000000,2000,1.0000000000,29046,29046,123,0,0,1006,99997,54097,-1,2854.1940350821,8562.5821052464,0.9472393287,-0.9472393287,nan,121.4582778310
IMDB,20000,6.0000000000,3.0000000000,3.0000000000,simple,0.0500000000,10,3,1779,rr_decrease,0.1250000000,2500,1.0000000000,29046,29046,123,0,0,1592,99997,54097,-1,-65908.3004912348,-197724.9014737043,2.2183355915,-2.2183355915,nan,118.5478842830
IMDB,20000,6.0000000000,3.0000000000,3.0000000000,simple,0.0500000000,10,3,1779,rr_decrease,0.1500000000,3000,1.0000000000,29046,29046,123,0,0,2306,99997,54097,-1,16127.7704795336,48383.3114386009,0.7018731079,-0.7018731079,nan,116.7278212180
IMDB,20000,6.0000000000,3.0000000000,3.0000000000,simple,0.0500000000,10,3,1779,rr_decrease,0.1750000000,3500,1.0000000000,29046,29046,123,0,0,3135,99997,54097,-1,28882.0083040806,86646.0249122418,0.4661070243,-0.4661070243,nan,121.8037348310
IMDB,20000,6.0000000000,3.0000000000,3.0000000000,simple,0.0500000000,10,3,1779,rr_decrease,0.2000000000,4000,1.0000000000,29046,29046,123,0,0,4066,99997,54097,-1,-70099.9562105352,-210299.8686316057,2.2958196612,-2.2958196612,nan,117.3409241840
IMDB,20000,6.0000000000,3.0000000000,3.0000000000,simple,0.0500000000,10,4,1780,clean,0.0000000000,0,0.0000000000,29046,29046,123,0,0,0,99992,54097,-1,-19620.8169122841,-58862.4507368522,1.3626969502,-1.3626969502,nan,122.2590789580
IMDB,20000,6.0000000000,3.0000000000,3.0000000000,simple,0.0500000000,10,4,1780,rr_increase,0.0250000000,500,1.0000000000,29046,29046,123,0,0,63,99992,54097,-1,-34351.3688187175,-103054.1064561526,1.6349958190,-1.6349958190,nan,123.4494889540
IMDB,20000,6.0000000000,3.0000000000,3.0000000000,simple,0.0500000000,10,4,1780,rr_increase,0.0500000000,1000,1.0000000000,29046,29046,123,0,0,271,99992,54097,-1,9840.2869005830,29520.8607017489,0.8180992125,-0.8180992125,nan,113.4809994500
IMDB,20000,6.0000000000,3.0000000000,3.0000000000,simple,0.0500000000,10,4,1780,rr_increase,0.0750000000,1500,1.0000000000,29046,29046,123,0,0,535,99992,54097,-1,64570.8388070164,193712.5164210493,0.1936121930,0.1936121930,nan,118.1673226430
IMDB,20000,6.0000000000,3.0000000000,3.0000000000,simple,0.0500000000,10,4,1780,rr_increase,0.1000000000,2000,1.0000000000,29046,29046,123,0,0,998,99992,54097,-1,-43373.5326549867,-130120.5979649600,1.8017733452,-1.8017733452,nan,115.3152352160
IMDB,20000,6.0000000000,3.0000000000,3.0000000000,simple,0.0500000000,10,4,1780,rr_increase,0.1250000000,2500,1.0000000000,29046,29046,123,0,0,1545,99992,54097,-1,-1397.2185731002,-4191.6557193005,1.0258280232,-1.0258280232,nan,112.3235038990
IMDB,20000,6.0000000000,3.0000000000,3.0000000000,simple,0.0500000000,10,4,1780,rr_increase,0.1500000000,3000,1.0000000000,29046,29046,123,0,0,2219,99992,54097,-1,67305.5190643349,201916.5571930048,0.2441636147,0.2441636147,nan,118.4972834830
IMDB,20000,6.0000000000,3.0000000000,3.0000000000,simple,0.0500000000,10,4,1780,rr_increase,0.1750000000,3500,1.0000000000,29046,29046,123,0,0,3073,99992,54097,-1,110977.8361637311,332933.5084911933,1.0514600840,1.0514600840,nan,123.6273295200
IMDB,20000,6.0000000000,3.0000000000,3.0000000000,simple,0.0500000000,10,4,1780,rr_increase,0.2000000000,4000,1.0000000000,29046,29046,123,0,0,4036,99992,54097,-1,-37904.1721403498,-113712.5164210493,1.7006705019,-1.7006705019,nan,120.1297960910
IMDB,20000,6.0000000000,3.0000000000,3.0000000000,simple,0.0500000000,10,4,1780,rr_decrease,0.0250000000,500,1.0000000000,29046,29046,123,0,0,63,99992,54097,-1,-34351.3688187175,-103054.1064561526,1.6349958190,-1.6349958190,nan,124.0541166160
IMDB,20000,6.0000000000,3.0000000000,3.0000000000,simple,0.0500000000,10,4,1780,rr_decrease,0.0500000000,1000,1.0000000000,29046,29046,123,0,0,271,99992,54097,-1,-4890.2650058506,-14670.7950175517,1.0903980813,-1.0903980813,nan,118.1508640860
IMDB,20000,6.0000000000,3.0000000000,3.0000000000,simple,0.0500000000,10,4,1780,rr_decrease,0.0750000000,1500,1.0000000000,29046,29046,123,0,0,535,99992,54097,-1,94031.9426198834,282095.8278596503,0.7382099307,0.7382099307,nan,122.2625787450
IMDB,20000,6.0000000000,3.0000000000,3.0000000000,simple,0.0500000000,10,4,1780,rr_decrease,0.1000000000,2000,1.0000000000,29046,29046,123,0,0,998,99992,54097,-1,-43373.5326549867,-130120.5979649602,1.8017733452,-1.8017733452,nan,123.0309016770
IMDB,20000,6.0000000000,3.0000000000,3.0000000000,simple,0.0500000000,10,4,1780,rr_decrease,0.1250000000,2500,1.0000000000,29046,29046,123,0,0,1545,99992,54097,-1,42794.4371462003,128383.3114386010,0.2089314168,-0.2089314168,nan,127.8702212220
IMDB,20000,6.0000000000,3.0000000000,3.0000000000,simple,0.0500000000,10,4,1780,rr_decrease,0.1500000000,3000,1.0000000000,29046,29046,123,0,0,2219,99992,54097,-1,67305.5190643349,201916.5571930047,0.2441636147,0.2441636147,nan,121.9944916390
IMDB,20000,6.0000000000,3.0000000000,3.0000000000,simple,0.0500000000,10,4,1780,rr_decrease,0.1750000000,3500,1.0000000000,29046,29046,123,0,0,3073,99992,54097,-1,52055.6285379969,156166.8856139907,0.0377353913,-0.0377353913,nan,119.7306264510
IMDB,20000,6.0000000000,3.0000000000,3.0000000000,simple,0.0500000000,10,4,1780,rr_decrease,0.2000000000,4000,1.0000000000,29046,29046,123,0,0,4036,99992,54097,-1,-23173.6202339162,-69520.8607017487,1.4283716331,-1.4283716331,nan,120.0170848290
